Order ID,Date,Customer ID,Gender,Age,Product Category,Payment Method,City,Store Type,Quantity,Price per Unit,Total Amount,Delivery Status,High Value Order
559,01-01-23,CUST559,Female,40,Clothing,Credit Card,Miami,Department Store,4,300,1200,Pending,Yes
180,01-01-23,CUST180,Male,41,Clothing,Debit Card,San Francisco,Pharmacy,3,300,900,Pending,Yes
522,01-01-23,CUST522,Male,46,Beauty,Debit Card,San Francisco,Specialty Store,3,500,1500,Completed,Yes
979,02-01-23,CUST979,Female,19,Beauty,Mobile Payment,Boston,Convenience Store,1,25,25,Completed,No
163,02-01-23,CUST163,Female,64,Clothing,Mobile Payment,Chicago,Pharmacy,3,50,150,Pending,No
303,02-01-23,CUST303,Male,19,Electronics,Cash,Chicago,Pharmacy,3,30,90,Completed,No
421,02-01-23,CUST421,Female,37,Clothing,Mobile Payment,Houston,Convenience Store,3,500,1500,Pending,Yes
610,03-01-23,CUST610,Female,26,Beauty,Credit Card,Miami,Convenience Store,2,300,600,Completed,Yes
683,04-01-23,CUST683,Male,38,Beauty,Mobile Payment,Atlanta,Specialty Store,2,500,1000,Completed,Yes
231,04-01-23,CUST231,Female,23,Clothing,Debit Card,Dallas,Specialty Store,3,50,150,Pending,No
32,04-01-23,CUST032,Male,30,Beauty,Debit Card,Houston,Department Store,3,30,90,Completed,No
367,05-01-23,CUST367,Female,57,Electronics,Mobile Payment,Houston,Pharmacy,1,50,50,Completed,No
391,05-01-23,CUST391,Male,19,Beauty,Debit Card,New York,Convenience Store,2,25,50,Completed,No
432,05-01-23,CUST432,Female,60,Electronics,Cash,New York,Convenience Store,2,500,1000,Completed,Yes
150,06-01-23,CUST150,Female,58,Electronics,Debit Card,Houston,Warehouse Club,4,30,120,Completed,No
845,06-01-23,CUST845,Male,54,Clothing,Mobile Payment,New York,Supermarket,1,500,500,Pending,No
797,07-01-23,CUST797,Male,40,Clothing,Credit Card,Los Angeles,Warehouse Club,3,25,75,Pending,No
921,07-01-23,CUST921,Male,51,Electronics,Credit Card,Seattle,Pharmacy,3,25,75,Completed,No
291,08-01-23,CUST291,Male,60,Clothing,Mobile Payment,Atlanta,Pharmacy,2,300,600,Pending,Yes
907,08-01-23,CUST907,Female,45,Electronics,Mobile Payment,Seattle,Specialty Store,1,25,25,Completed,No
860,09-01-23,CUST860,Male,63,Clothing,Mobile Payment,Miami,Pharmacy,4,50,200,Pending,No
734,10-01-23,CUST734,Female,27,Clothing,Debit Card,Atlanta,Warehouse Club,1,30,30,Pending,No
184,10-01-23,CUST184,Male,31,Electronics,Debit Card,San Francisco,Department Store,4,50,200,Completed,No
225,11-01-23,CUST225,Female,57,Beauty,Credit Card,Atlanta,Supermarket,4,25,100,Completed,No
679,11-01-23,CUST679,Female,18,Beauty,Cash,Boston,Convenience Store,3,30,90,Completed,No
746,11-01-23,CUST746,Female,33,Clothing,Mobile Payment,Houston,Convenience Store,3,30,90,Pending,No
484,13-01-23,CUST484,Female,19,Clothing,Debit Card,Dallas,Pharmacy,4,300,1200,Pending,Yes
3,13-01-23,CUST003,Male,50,Electronics,Credit Card,Houston,Department Store,1,30,30,Completed,No
464,13-01-23,CUST464,Male,38,Electronics,Debit Card,Los Angeles,Convenience Store,2,300,600,Completed,Yes
591,13-01-23,CUST591,Male,53,Electronics,Debit Card,Seattle,Department Store,4,25,100,Completed,No
21,14-01-23,CUST021,Female,50,Beauty,Cash,Houston,Pharmacy,1,500,500,Completed,No
713,14-01-23,CUST713,Male,34,Beauty,Cash,Houston,Specialty Store,3,25,75,Completed,No
708,14-01-23,CUST708,Female,43,Beauty,Credit Card,Miami,Specialty Store,3,300,900,Completed,Yes
768,14-01-23,CUST768,Female,24,Beauty,Credit Card,San Francisco,Specialty Store,3,25,75,Completed,No
499,15-01-23,CUST499,Male,46,Beauty,Cash,Dallas,Specialty Store,2,30,60,Completed,No
697,15-01-23,CUST697,Male,53,Clothing,Credit Card,Miami,Department Store,1,500,500,Pending,No
831,15-01-23,CUST831,Male,27,Electronics,Mobile Payment,Seattle,Specialty Store,4,25,100,Completed,No
743,16-01-23,CUST743,Female,34,Beauty,Debit Card,Dallas,Supermarket,4,500,2000,Completed,Yes
15,16-01-23,CUST015,Female,42,Electronics,Credit Card,San Francisco,Warehouse Club,10,500,5000,Completed,Yes
986,17-01-23,CUST986,Female,49,Clothing,Cash,Dallas,Specialty Store,2,500,1000,Pending,Yes
103,17-01-23,CUST103,Female,59,Clothing,Credit Card,Los Angeles,Department Store,1,25,25,Pending,No
14,17-01-23,CUST014,Male,64,Clothing,Mobile Payment,Seattle,Warehouse Club,10,30,300,Pending,No
238,17-01-23,CUST238,Female,39,Beauty,Mobile Payment,Seattle,Supermarket,1,500,500,Completed,No
438,19-01-23,CUST438,Female,42,Clothing,Cash,Chicago,Pharmacy,1,30,30,Pending,No
475,20-01-23,CUST475,Male,26,Clothing,Debit Card,Miami,Convenience Store,3,25,75,Pending,No
505,20-01-23,CUST505,Male,24,Beauty,Mobile Payment,Miami,Supermarket,1,50,50,Completed,No
448,21-01-23,CUST448,Female,54,Beauty,Debit Card,Houston,Warehouse Club,2,30,60,Completed,No
344,21-01-23,CUST344,Female,42,Beauty,Cash,San Francisco,Department Store,1,30,30,Completed,No
742,21-01-23,CUST742,Female,38,Electronics,Credit Card,San Francisco,Pharmacy,4,500,2000,Completed,Yes
445,22-01-23,CUST445,Female,53,Electronics,Credit Card,Boston,Supermarket,1,300,300,Completed,No
787,22-01-23,CUST787,Male,41,Electronics,Cash,Chicago,Supermarket,1,25,25,Completed,No
420,23-01-23,CUST420,Female,22,Clothing,Credit Card,Houston,Specialty Store,4,500,2000,Pending,Yes
519,23-01-23,CUST519,Female,36,Electronics,Debit Card,New York,Pharmacy,4,30,120,Completed,No
49,23-01-23,CUST049,Female,54,Electronics,Credit Card,Seattle,Department Store,2,500,1000,Completed,Yes
592,24-01-23,CUST592,Female,46,Beauty,Debit Card,Dallas,Department Store,4,500,2000,Completed,Yes
64,24-01-23,CUST064,Male,49,Clothing,Mobile Payment,Houston,Department Store,4,25,100,Pending,No
912,24-01-23,CUST912,Male,51,Beauty,Debit Card,Houston,Pharmacy,3,50,150,Completed,No
134,25-01-23,CUST134,Male,49,Electronics,Debit Card,Boston,Department Store,1,50,50,Completed,No
288,26-01-23,CUST288,Male,28,Clothing,Mobile Payment,Boston,Department Store,4,30,120,Pending,No
720,26-01-23,CUST720,Female,56,Beauty,Cash,Chicago,Convenience Store,3,500,1500,Completed,Yes
323,26-01-23,CUST323,Female,29,Beauty,Credit Card,San Francisco,Pharmacy,3,300,900,Completed,Yes
618,26-01-23,CUST618,Female,27,Beauty,Debit Card,San Francisco,Supermarket,1,50,50,Completed,No
736,27-01-23,CUST736,Male,29,Clothing,Debit Card,Houston,Convenience Store,4,25,100,Pending,No
929,27-01-23,CUST929,Female,23,Beauty,Mobile Payment,Miami,Specialty Store,3,25,75,Completed,No
415,27-01-23,CUST415,Male,53,Clothing,Credit Card,Seattle,Department Store,2,30,60,Pending,No
913,28-01-23,CUST913,Male,29,Electronics,Credit Card,Atlanta,Convenience Store,3,30,90,Completed,No
940,28-01-23,CUST940,Female,20,Electronics,Cash,Los Angeles,Specialty Store,1,30,30,Completed,No
264,28-01-23,CUST264,Male,47,Clothing,Credit Card,New York,Department Store,3,300,900,Pending,Yes
101,29-01-23,CUST101,Male,32,Clothing,Mobile Payment,Houston,Warehouse Club,2,300,600,Pending,Yes
329,30-01-23,CUST329,Female,46,Electronics,Debit Card,Chicago,Department Store,4,25,100,Completed,No
322,30-01-23,CUST322,Male,51,Electronics,Cash,Houston,Convenience Store,1,500,500,Completed,No
189,30-01-23,CUST189,Male,63,Beauty,Mobile Payment,Los Angeles,Department Store,1,50,50,Completed,No
317,30-01-23,CUST317,Male,22,Electronics,Credit Card,Seattle,Supermarket,3,30,90,Completed,No
300,31-01-23,CUST300,Female,19,Electronics,Credit Card,Atlanta,Pharmacy,4,50,200,Completed,No
235,31-01-23,CUST235,Female,23,Electronics,Credit Card,Houston,Convenience Store,2,500,1000,Completed,Yes
964,31-01-23,CUST964,Male,24,Clothing,Credit Card,San Francisco,Department Store,3,300,900,Pending,Yes
269,01-02-23,CUST269,Male,25,Clothing,Mobile Payment,Atlanta,Supermarket,4,500,2000,Pending,Yes
320,01-02-23,CUST320,Female,28,Electronics,Debit Card,Boston,Convenience Store,4,300,1200,Completed,Yes
673,01-02-23,CUST673,Female,43,Clothing,Mobile Payment,San Francisco,Warehouse Club,3,500,1500,Pending,Yes
142,02-02-23,CUST142,Male,35,Electronics,Credit Card,Miami,Warehouse Club,4,300,1200,Completed,Yes
666,02-02-23,CUST666,Male,51,Electronics,Mobile Payment,Miami,Specialty Store,3,50,150,Completed,No
223,02-02-23,CUST223,Female,64,Clothing,Cash,San Francisco,Specialty Store,1,25,25,Pending,No
107,03-02-23,CUST107,Female,21,Clothing,Mobile Payment,Dallas,Pharmacy,8,300,2400,Pending,Yes
933,03-02-23,CUST933,Male,22,Beauty,Cash,Los Angeles,Pharmacy,1,30,30,Completed,No
237,04-02-23,CUST237,Female,50,Beauty,Mobile Payment,Miami,Pharmacy,2,500,1000,Completed,Yes
335,04-02-23,CUST335,Female,47,Beauty,Mobile Payment,Seattle,Specialty Store,4,30,120,Completed,No
379,05-02-23,CUST379,Female,47,Clothing,Credit Card,Atlanta,Convenience Store,1,25,25,Pending,No
793,05-02-23,CUST793,Male,54,Beauty,Credit Card,Boston,Warehouse Club,1,30,30,Completed,No
63,05-02-23,CUST063,Male,57,Electronics,Cash,Chicago,Specialty Store,2,25,50,Completed,No
333,05-02-23,CUST333,Female,54,Electronics,Mobile Payment,Dallas,Pharmacy,4,300,1200,Completed,Yes
530,05-02-23,CUST530,Female,18,Electronics,Debit Card,Dallas,Pharmacy,4,30,120,Completed,No
195,05-02-23,CUST195,Male,52,Clothing,Cash,Houston,Pharmacy,1,30,30,Pending,No
740,05-02-23,CUST740,Female,25,Beauty,Debit Card,Miami,Department Store,4,50,200,Completed,No
490,05-02-23,CUST490,Male,34,Clothing,Mobile Payment,New York,Supermarket,3,50,150,Pending,No
85,06-02-23,CUST085,Male,31,Clothing,Mobile Payment,Chicago,Supermarket,3,50,150,Pending,No
240,06-02-23,CUST240,Female,23,Beauty,Mobile Payment,Chicago,Warehouse Club,1,300,300,Completed,No
993,06-02-23,CUST993,Female,48,Electronics,Credit Card,Miami,Specialty Store,3,50,150,Completed,No
232,06-02-23,CUST232,Female,43,Beauty,Cash,San Francisco,Warehouse Club,1,25,25,Completed,No
366,07-02-23,CUST366,Male,57,Clothing,Mobile Payment,Boston,Supermarket,2,50,100,Pending,No
372,07-02-23,CUST372,Female,24,Beauty,Debit Card,Chicago,Department Store,3,500,1500,Completed,Yes
936,07-02-23,CUST936,Male,57,Beauty,Credit Card,Chicago,Department Store,4,50,200,Completed,No
596,07-02-23,CUST596,Female,64,Electronics,Credit Card,New York,Warehouse Club,1,300,300,Completed,No
434,08-02-23,CUST434,Female,43,Electronics,Cash,Atlanta,Supermarket,2,25,50,Completed,No
775,08-02-23,CUST775,Female,46,Electronics,Credit Card,Houston,Convenience Store,4,25,100,Completed,No
977,08-02-23,CUST977,Female,35,Electronics,Cash,San Francisco,Department Store,3,25,75,Completed,No
284,08-02-23,CUST284,Male,43,Clothing,Credit Card,Seattle,Pharmacy,4,50,200,Pending,No
649,09-02-23,CUST649,Female,58,Clothing,Mobile Payment,Dallas,Convenience Store,2,300,600,Pending,Yes
54,10-02-23,CUST054,Female,38,Electronics,Cash,Houston,Warehouse Club,3,500,1500,Completed,Yes
68,10-02-23,CUST068,Male,25,Electronics,Mobile Payment,Miami,Specialty Store,1,300,300,Completed,No
192,10-02-23,CUST192,Male,62,Beauty,Debit Card,San Francisco,Specialty Store,2,50,100,Completed,No
657,11-02-23,CUST657,Male,40,Clothing,Credit Card,Atlanta,Department Store,1,25,25,Pending,No
972,11-02-23,CUST972,Male,49,Beauty,Credit Card,Atlanta,Convenience Store,4,25,100,Completed,No
346,11-02-23,CUST346,Male,59,Clothing,Mobile Payment,Houston,Department Store,2,500,1000,Pending,Yes
331,11-02-23,CUST331,Male,28,Electronics,Cash,New York,Convenience Store,3,30,90,Completed,No
732,11-02-23,CUST732,Male,61,Electronics,Debit Card,San Francisco,Department Store,2,500,1000,Completed,Yes
714,12-02-23,CUST714,Female,18,Clothing,Cash,Chicago,Convenience Store,1,500,500,Pending,No
577,13-02-23,CUST577,Male,21,Beauty,Credit Card,Boston,Convenience Store,4,500,2000,Completed,Yes
193,13-02-23,CUST193,Male,35,Beauty,Debit Card,Houston,Warehouse Club,3,500,1500,Completed,Yes
848,13-02-23,CUST848,Female,63,Clothing,Cash,Houston,Specialty Store,3,25,75,Pending,No
945,13-02-23,CUST945,Male,30,Beauty,Debit Card,Los Angeles,Specialty Store,1,25,25,Completed,No
821,14-02-23,CUST821,Male,49,Electronics,Cash,Atlanta,Warehouse Club,1,300,300,Completed,No
11,14-02-23,CUST011,Male,23,Clothing,Debit Card,Boston,Department Store,2,50,100,Pending,No
133,16-02-23,CUST133,Male,20,Electronics,Mobile Payment,Atlanta,Convenience Store,3,300,900,Completed,Yes
416,17-02-23,CUST416,Male,53,Electronics,Debit Card,Chicago,Supermarket,4,500,2000,Completed,Yes
42,17-02-23,CUST042,Male,22,Clothing,Debit Card,Miami,Specialty Store,3,300,900,Pending,Yes
16,17-02-23,CUST016,Male,19,Clothing,Mobile Payment,San Francisco,Convenience Store,3,500,1500,Pending,Yes
292,17-02-23,CUST292,Male,20,Beauty,Mobile Payment,San Francisco,Supermarket,4,300,1200,Completed,Yes
861,17-02-23,CUST861,Female,41,Clothing,Debit Card,San Francisco,Department Store,3,30,90,Pending,No
584,17-02-23,CUST584,Female,27,Beauty,Cash,Seattle,Supermarket,4,50,200,Completed,No
256,18-02-23,CUST256,Male,23,Clothing,Mobile Payment,Seattle,Convenience Store,2,500,1000,Pending,Yes
44,19-02-23,CUST044,Female,22,Clothing,Cash,Atlanta,Specialty Store,1,25,25,Pending,No
257,19-02-23,CUST257,Male,19,Beauty,Debit Card,Boston,Convenience Store,4,500,2000,Completed,Yes
966,20-02-23,CUST966,Male,60,Electronics,Mobile Payment,Dallas,Warehouse Club,2,500,1000,Completed,Yes
268,20-02-23,CUST268,Female,28,Electronics,Debit Card,New York,Department Store,1,30,30,Completed,No
287,20-02-23,CUST287,Male,54,Clothing,Mobile Payment,New York,Specialty Store,4,25,100,Pending,No
371,21-02-23,CUST371,Female,20,Beauty,Cash,Chicago,Convenience Store,1,25,25,Completed,No
900,21-02-23,CUST900,Male,21,Clothing,Cash,Los Angeles,Supermarket,2,30,60,Pending,No
70,21-02-23,CUST070,Female,43,Clothing,Cash,Seattle,Warehouse Club,1,300,300,Pending,No
41,22-02-23,CUST041,Male,34,Clothing,Credit Card,Atlanta,Department Store,2,25,50,Pending,No
8,22-02-23,CUST008,Male,30,Electronics,Debit Card,Chicago,Specialty Store,10,25,250,Completed,No
454,22-02-23,CUST454,Female,46,Beauty,Cash,Los Angeles,Supermarket,1,25,25,Completed,No
780,22-02-23,CUST780,Male,52,Electronics,Debit Card,Los Angeles,Specialty Store,2,25,50,Completed,No
920,22-02-23,CUST920,Female,28,Beauty,Cash,San Francisco,Department Store,3,25,75,Completed,No
396,23-02-23,CUST396,Female,55,Beauty,Mobile Payment,San Francisco,Pharmacy,1,30,30,Completed,No
400,24-02-23,CUST400,Male,53,Clothing,Cash,Dallas,Pharmacy,4,50,200,Pending,No
168,24-02-23,CUST168,Male,53,Clothing,Cash,Los Angeles,Specialty Store,1,300,300,Pending,No
800,24-02-23,CUST800,Male,32,Clothing,Mobile Payment,Los Angeles,Convenience Store,4,300,1200,Pending,Yes
611,24-02-23,CUST611,Male,51,Beauty,Debit Card,New York,Supermarket,3,500,1500,Completed,Yes
506,25-02-23,CUST506,Male,34,Beauty,Cash,Boston,Supermarket,3,500,1500,Completed,Yes
473,25-02-23,CUST473,Male,64,Beauty,Credit Card,Dallas,Pharmacy,1,50,50,Completed,No
766,25-02-23,CUST766,Male,38,Electronics,Cash,Dallas,Department Store,3,300,900,Completed,Yes
272,25-02-23,CUST272,Female,61,Electronics,Credit Card,Los Angeles,Convenience Store,2,50,100,Completed,No
135,26-02-23,CUST135,Male,20,Clothing,Mobile Payment,Atlanta,Department Store,2,25,50,Pending,No
185,27-02-23,CUST185,Male,24,Clothing,Mobile Payment,Atlanta,Warehouse Club,1,25,25,Pending,No
433,27-02-23,CUST433,Male,29,Beauty,Mobile Payment,Los Angeles,Department Store,4,50,200,Completed,No
2,27-02-23,CUST002,Female,26,Clothing,Cash,San Francisco,Specialty Store,2,500,1000,Pending,Yes
158,27-02-23,CUST158,Female,44,Electronics,Mobile Payment,San Francisco,Warehouse Club,2,300,600,Completed,Yes
753,28-02-23,CUST753,Female,32,Clothing,Debit Card,Boston,Specialty Store,1,30,30,Pending,No
932,28-02-23,CUST932,Female,45,Beauty,Mobile Payment,Houston,Supermarket,4,25,100,Completed,No
763,28-02-23,CUST763,Male,34,Clothing,Mobile Payment,New York,Specialty Store,2,25,50,Pending,No
152,28-02-23,CUST152,Male,43,Electronics,Debit Card,San Francisco,Department Store,4,500,2000,Completed,Yes
514,01-03-23,CUST514,Female,18,Electronics,Credit Card,Chicago,Warehouse Club,1,300,300,Completed,No
399,01-03-23,CUST399,Female,64,Beauty,Debit Card,Dallas,Department Store,2,30,60,Completed,No
500,01-03-23,CUST500,Female,60,Beauty,Cash,Seattle,Warehouse Club,4,25,100,Completed,No
947,02-03-23,CUST947,Male,50,Beauty,Credit Card,Miami,Specialty Store,1,300,300,Completed,No
785,03-03-23,CUST785,Female,31,Beauty,Credit Card,Atlanta,Pharmacy,4,50,200,Completed,No
339,03-03-23,CUST339,Female,22,Electronics,Debit Card,Chicago,Warehouse Club,2,25,50,Completed,No
885,03-03-23,CUST885,Female,52,Clothing,Mobile Payment,Los Angeles,Specialty Store,4,30,120,Pending,No
220,03-03-23,CUST220,Male,64,Beauty,Mobile Payment,New York,Department Store,1,500,500,Completed,No
888,03-03-23,CUST888,Female,52,Electronics,Credit Card,New York,Supermarket,4,25,100,Completed,No
621,04-03-23,CUST621,Female,40,Beauty,Cash,Boston,Pharmacy,2,500,1000,Completed,Yes
536,05-03-23,CUST536,Female,55,Beauty,Mobile Payment,Los Angeles,Department Store,4,30,120,Completed,No
52,05-03-23,CUST052,Female,36,Beauty,Mobile Payment,Miami,Pharmacy,1,300,300,Completed,No
197,06-03-23,CUST197,Female,42,Clothing,Cash,Dallas,Department Store,4,50,200,Pending,No
910,06-03-23,CUST910,Female,20,Beauty,Cash,Houston,Pharmacy,9,50,450,Completed,No
917,06-03-23,CUST917,Female,57,Electronics,Debit Card,Houston,Supermarket,4,50,200,Completed,No
750,06-03-23,CUST750,Female,35,Clothing,Debit Card,Seattle,Department Store,3,25,75,Pending,No
705,07-03-23,CUST705,Male,60,Electronics,Cash,Atlanta,Warehouse Club,2,25,50,Completed,No
444,07-03-23,CUST444,Female,61,Clothing,Cash,Chicago,Supermarket,3,30,90,Pending,No
547,07-03-23,CUST547,Male,63,Clothing,Credit Card,Chicago,Pharmacy,4,500,2000,Pending,Yes
198,07-03-23,CUST198,Female,54,Beauty,Cash,Miami,Pharmacy,3,300,900,Completed,Yes
423,08-03-23,CUST423,Female,27,Clothing,Cash,Dallas,Department Store,1,25,25,Pending,No
360,09-03-23,CUST360,Male,42,Clothing,Mobile Payment,Boston,Department Store,4,25,100,Pending,No
248,09-03-23,CUST248,Male,26,Clothing,Debit Card,Houston,Specialty Store,3,300,900,Pending,Yes
377,09-03-23,CUST377,Female,46,Clothing,Mobile Payment,San Francisco,Specialty Store,5,50,250,Pending,No
397,10-03-23,CUST397,Female,30,Beauty,Debit Card,Seattle,Supermarket,1,25,25,Completed,No
623,10-03-23,CUST623,Male,34,Clothing,Cash,Seattle,Pharmacy,3,50,150,Pending,No
717,11-03-23,CUST717,Male,57,Clothing,Debit Card,Boston,Specialty Store,1,500,500,Pending,No
658,12-03-23,CUST658,Male,59,Clothing,Mobile Payment,Dallas,Warehouse Club,1,25,25,Pending,No
130,12-03-23,CUST130,Female,57,Clothing,Mobile Payment,Houston,Supermarket,1,500,500,Pending,No
7,13-03-23,CUST007,Male,46,Clothing,Cash,Boston,Specialty Store,2,25,50,Pending,No
278,13-03-23,CUST278,Female,37,Clothing,Debit Card,Miami,Supermarket,4,25,100,Pending,No
119,13-03-23,CUST119,Female,60,Clothing,Credit Card,Seattle,Specialty Store,3,50,150,Pending,No
117,15-03-23,CUST117,Male,19,Electronics,Mobile Payment,San Francisco,Pharmacy,2,500,1000,Completed,Yes
442,17-03-23,CUST442,Female,60,Clothing,Mobile Payment,Atlanta,Convenience Store,4,25,100,Pending,No
590,17-03-23,CUST590,Male,36,Clothing,Credit Card,Houston,Convenience Store,3,300,900,Pending,Yes
607,17-03-23,CUST607,Male,54,Clothing,Mobile Payment,Houston,Department Store,3,25,75,Pending,No
942,18-03-23,CUST942,Male,51,Clothing,Mobile Payment,Los Angeles,Warehouse Club,3,500,1500,Pending,Yes
436,18-03-23,CUST436,Female,57,Clothing,Mobile Payment,Miami,Department Store,4,30,120,Pending,No
941,19-03-23,CUST941,Female,57,Clothing,Debit Card,Los Angeles,Convenience Store,2,25,50,Pending,No
659,19-03-23,CUST659,Female,39,Electronics,Cash,New York,Supermarket,1,30,30,Completed,No
806,20-03-23,CUST806,Female,35,Beauty,Debit Card,Atlanta,Supermarket,3,300,900,Completed,Yes
748,20-03-23,CUST748,Male,25,Clothing,Debit Card,Boston,Department Store,3,50,150,Pending,No
663,20-03-23,CUST663,Male,23,Clothing,Mobile Payment,Miami,Pharmacy,4,300,1200,Pending,Yes
136,20-03-23,CUST136,Male,44,Electronics,Mobile Payment,Seattle,Specialty Store,2,300,600,Completed,Yes
175,20-03-23,CUST175,Female,31,Electronics,Cash,Seattle,Convenience Store,4,25,100,Completed,No
313,21-03-23,CUST313,Female,55,Beauty,Debit Card,Atlanta,Warehouse Club,3,500,1500,Completed,Yes
38,21-03-23,CUST038,Male,38,Beauty,Mobile Payment,Los Angeles,Warehouse Club,10,50,500,Completed,No
402,21-03-23,CUST402,Female,41,Clothing,Credit Card,San Francisco,Supermarket,2,300,600,Pending,Yes
459,21-03-23,CUST459,Male,28,Clothing,Mobile Payment,San Francisco,Supermarket,4,300,1200,Pending,Yes
328,22-03-23,CUST328,Male,39,Beauty,Mobile Payment,Atlanta,Pharmacy,2,50,100,Completed,No
383,22-03-23,CUST383,Female,46,Beauty,Debit Card,Boston,Supermarket,3,30,90,Completed,No
978,22-03-23,CUST978,Female,53,Clothing,Credit Card,Chicago,Specialty Store,3,50,150,Pending,No
973,22-03-23,CUST973,Male,60,Clothing,Debit Card,Houston,Specialty Store,1,50,50,Pending,No
161,22-03-23,CUST161,Male,64,Beauty,Mobile Payment,New York,Supermarket,2,500,1000,Completed,Yes
33,23-03-23,CUST033,Female,50,Electronics,Debit Card,Chicago,Supermarket,2,50,100,Completed,No
138,23-03-23,CUST138,Male,49,Clothing,Mobile Payment,Chicago,Specialty Store,4,50,200,Pending,No
471,23-03-23,CUST471,Male,32,Clothing,Debit Card,Chicago,Warehouse Club,3,50,150,Pending,No
636,23-03-23,CUST636,Female,21,Beauty,Mobile Payment,Dallas,Specialty Store,3,500,1500,Completed,Yes
426,24-03-23,CUST426,Male,23,Electronics,Mobile Payment,Dallas,Pharmacy,3,50,150,Completed,No
177,24-03-23,CUST177,Male,45,Beauty,Debit Card,Seattle,Warehouse Club,2,50,100,Completed,No
461,25-03-23,CUST461,Female,18,Beauty,Mobile Payment,Boston,Supermarket,2,500,1000,Completed,Yes
91,25-03-23,CUST091,Female,55,Electronics,Debit Card,Los Angeles,Convenience Store,1,500,500,Completed,No
76,25-03-23,CUST076,Female,22,Electronics,Debit Card,Seattle,Convenience Store,2,50,100,Completed,No
764,25-03-23,CUST764,Female,40,Clothing,Mobile Payment,Seattle,Supermarket,1,25,25,Pending,No
202,26-03-23,CUST202,Female,34,Clothing,Debit Card,Houston,Pharmacy,6,300,1800,Pending,Yes
703,26-03-23,CUST703,Male,34,Electronics,Mobile Payment,New York,Warehouse Club,2,50,100,Completed,No
301,26-03-23,CUST301,Male,30,Clothing,Mobile Payment,San Francisco,Convenience Store,7,30,210,Pending,No
294,27-03-23,CUST294,Female,23,Clothing,Credit Card,Chicago,Department Store,3,30,90,Pending,No
760,27-03-23,CUST760,Male,27,Beauty,Credit Card,Seattle,Warehouse Club,1,500,500,Completed,No
575,28-03-23,CUST575,Male,60,Clothing,Cash,New York,Specialty Store,2,50,100,Pending,No
88,29-03-23,CUST088,Male,56,Clothing,Cash,Chicago,Specialty Store,1,500,500,Pending,No
975,30-03-23,CUST975,Female,56,Clothing,Mobile Payment,Miami,Pharmacy,4,50,200,Pending,No
553,31-03-23,CUST553,Male,24,Clothing,Debit Card,Atlanta,Department Store,4,300,1200,Pending,Yes
462,01-04-23,CUST462,Male,63,Electronics,Credit Card,Los Angeles,Convenience Store,4,300,1200,Completed,Yes
614,01-04-23,CUST614,Female,39,Beauty,Debit Card,Miami,Pharmacy,4,300,1200,Completed,Yes
808,01-04-23,CUST808,Male,33,Beauty,Cash,Seattle,Pharmacy,4,500,2000,Completed,Yes
905,02-04-23,CUST905,Male,58,Beauty,Mobile Payment,Atlanta,Department Store,1,300,300,Completed,No
465,02-04-23,CUST465,Female,43,Electronics,Debit Card,Chicago,Convenience Store,3,50,150,Completed,No
166,02-04-23,CUST166,Male,34,Clothing,Mobile Payment,New York,Department Store,4,500,2000,Pending,Yes
502,02-04-23,CUST502,Male,43,Electronics,Debit Card,New York,Department Store,3,50,150,Completed,No
834,04-04-23,CUST834,Female,56,Beauty,Debit Card,Dallas,Department Store,2,30,60,Completed,No
280,04-04-23,CUST280,Female,37,Clothing,Credit Card,Los Angeles,Convenience Store,3,500,1500,Pending,Yes
719,04-04-23,CUST719,Female,42,Clothing,Debit Card,Miami,Supermarket,2,30,60,Pending,No
928,05-04-23,CUST928,Female,35,Clothing,Debit Card,Houston,Pharmacy,4,300,1200,Pending,Yes
891,05-04-23,CUST891,Male,41,Electronics,Credit Card,Los Angeles,Supermarket,9,300,2700,Completed,Yes
332,06-04-23,CUST332,Male,58,Electronics,Mobile Payment,New York,Department Store,4,300,1200,Completed,Yes
847,08-04-23,CUST847,Female,18,Electronics,Credit Card,Chicago,Department Store,4,300,1200,Completed,Yes
255,08-04-23,CUST255,Male,48,Clothing,Cash,Los Angeles,Department Store,1,30,30,Pending,No
314,08-04-23,CUST314,Male,52,Clothing,Mobile Payment,San Francisco,Supermarket,5,30,150,Pending,No
517,08-04-23,CUST517,Female,47,Clothing,Mobile Payment,San Francisco,Pharmacy,4,25,100,Pending,No
275,08-04-23,CUST275,Male,43,Clothing,Credit Card,Seattle,Supermarket,2,500,1000,Pending,Yes
886,09-04-23,CUST886,Male,37,Electronics,Debit Card,Boston,Department Store,9,300,2700,Completed,Yes
486,09-04-23,CUST486,Female,35,Electronics,Cash,Dallas,Supermarket,1,25,25,Completed,No
274,09-04-23,CUST274,Female,23,Clothing,Mobile Payment,Los Angeles,Department Store,2,500,1000,Pending,Yes
892,09-04-23,CUST892,Male,20,Electronics,Credit Card,San Francisco,Convenience Store,1,50,50,Completed,No
61,09-04-23,CUST061,Male,21,Beauty,Credit Card,Seattle,Supermarket,4,50,200,Completed,No
548,09-04-23,CUST548,Female,51,Clothing,Credit Card,Seattle,Pharmacy,2,30,60,Pending,No
901,10-04-23,CUST901,Male,31,Electronics,Debit Card,Chicago,Department Store,1,30,30,Completed,No
601,10-04-23,CUST601,Male,19,Clothing,Cash,Dallas,Specialty Store,1,30,30,Pending,No
527,11-04-23,CUST527,Male,57,Clothing,Mobile Payment,Los Angeles,Pharmacy,2,25,50,Pending,No
1000,12-04-23,CUST1000,Male,47,Electronics,Debit Card,Atlanta,Supermarket,4,30,120,Completed,No
174,12-04-23,CUST174,Female,39,Beauty,Mobile Payment,Dallas,Convenience Store,1,300,300,Completed,No
774,12-04-23,CUST774,Female,40,Clothing,Mobile Payment,Miami,Convenience Store,2,25,50,Pending,No
23,12-04-23,CUST023,Female,35,Clothing,Mobile Payment,New York,Warehouse Club,10,30,300,Pending,No
589,12-04-23,CUST589,Female,36,Beauty,Debit Card,Seattle,Supermarket,2,500,1000,Completed,Yes
210,13-04-23,CUST210,Male,37,Electronics,Cash,Boston,Supermarket,4,50,200,Completed,No
745,13-04-23,CUST745,Male,54,Beauty,Cash,Miami,Pharmacy,2,50,100,Completed,No
478,13-04-23,CUST478,Female,58,Clothing,Cash,Seattle,Specialty Store,2,30,60,Pending,No
354,15-04-23,CUST354,Female,49,Beauty,Cash,Boston,Specialty Store,5,50,250,Completed,No
408,15-04-23,CUST408,Female,64,Beauty,Debit Card,Houston,Warehouse Club,1,500,500,Completed,No
674,16-04-23,CUST674,Female,38,Clothing,Cash,San Francisco,Pharmacy,1,300,300,Pending,No
967,17-04-23,CUST967,Male,62,Beauty,Debit Card,Los Angeles,Convenience Store,1,25,25,Completed,No
79,18-04-23,CUST079,Male,34,Beauty,Debit Card,Dallas,Supermarket,1,300,300,Completed,No
406,18-04-23,CUST406,Female,22,Beauty,Cash,Houston,Specialty Store,4,25,100,Completed,No
450,18-04-23,CUST450,Female,59,Beauty,Mobile Payment,Houston,Convenience Store,2,25,50,Completed,No
562,18-04-23,CUST562,Male,54,Electronics,Mobile Payment,New York,Pharmacy,2,25,50,Completed,No
836,19-04-23,CUST836,Female,22,Clothing,Debit Card,Boston,Department Store,1,50,50,Pending,No
724,19-04-23,CUST724,Male,61,Clothing,Debit Card,Chicago,Warehouse Club,3,50,150,Pending,No
111,19-04-23,CUST111,Female,34,Electronics,Cash,Miami,Department Store,3,500,1500,Completed,Yes
207,19-04-23,CUST207,Female,42,Beauty,Mobile Payment,San Francisco,Warehouse Club,2,25,50,Completed,No
108,19-04-23,CUST108,Female,27,Beauty,Cash,Seattle,Pharmacy,3,25,75,Completed,No
969,19-04-23,CUST969,Female,40,Clothing,Credit Card,Seattle,Convenience Store,3,300,900,Pending,Yes
572,20-04-23,CUST572,Male,31,Clothing,Credit Card,Dallas,Supermarket,4,500,2000,Pending,Yes
374,20-04-23,CUST374,Female,59,Beauty,Debit Card,Houston,Convenience Store,3,25,75,Completed,No
246,20-04-23,CUST246,Female,48,Electronics,Credit Card,Los Angeles,Specialty Store,2,25,50,Completed,No
665,20-04-23,CUST665,Male,57,Clothing,Mobile Payment,Los Angeles,Convenience Store,1,50,50,Pending,No
298,20-04-23,CUST298,Male,27,Beauty,Mobile Payment,San Francisco,Specialty Store,6,300,1800,Completed,Yes
39,21-04-23,CUST039,Male,23,Clothing,Credit Card,New York,Convenience Store,4,30,120,Pending,No
893,21-04-23,CUST893,Male,49,Electronics,Debit Card,New York,Supermarket,1,50,50,Completed,No
17,22-04-23,CUST017,Female,27,Clothing,Mobile Payment,Miami,Specialty Store,10,25,250,Pending,No
316,22-04-23,CUST316,Female,48,Clothing,Credit Card,Miami,Pharmacy,2,25,50,Pending,No
755,22-04-23,CUST755,Female,58,Clothing,Cash,San Francisco,Specialty Store,3,25,75,Pending,No
28,23-04-23,CUST028,Female,43,Beauty,Mobile Payment,Boston,Specialty Store,1,500,500,Completed,No
613,23-04-23,CUST613,Female,52,Clothing,Debit Card,Chicago,Pharmacy,3,30,90,Pending,No
691,23-04-23,CUST691,Female,51,Clothing,Mobile Payment,Chicago,Convenience Store,3,30,90,Pending,No
129,23-04-23,CUST129,Female,21,Beauty,Cash,Los Angeles,Warehouse Club,2,300,600,Completed,Yes
693,23-04-23,CUST693,Male,41,Beauty,Debit Card,Los Angeles,Department Store,3,500,1500,Completed,Yes
98,23-04-23,CUST098,Female,55,Beauty,Mobile Payment,Miami,Warehouse Club,2,50,100,Completed,No
230,23-04-23,CUST230,Male,54,Beauty,Credit Card,San Francisco,Department Store,1,25,25,Completed,No
863,24-04-23,CUST863,Female,30,Electronics,Debit Card,Atlanta,Warehouse Club,2,25,50,Completed,No
477,24-04-23,CUST477,Male,43,Clothing,Mobile Payment,Dallas,Convenience Store,4,30,120,Pending,No
6,25-04-23,CUST006,Female,45,Beauty,Cash,Houston,Supermarket,1,30,30,Completed,No
483,25-04-23,CUST483,Male,55,Clothing,Credit Card,Los Angeles,Warehouse Club,1,30,30,Pending,No
738,25-04-23,CUST738,Male,41,Clothing,Credit Card,Seattle,Department Store,2,50,100,Pending,No
588,26-04-23,CUST588,Male,38,Electronics,Credit Card,Chicago,Warehouse Club,2,30,60,Completed,No
222,26-04-23,CUST222,Male,51,Clothing,Credit Card,Houston,Department Store,4,30,120,Pending,No
953,26-04-23,CUST953,Male,45,Beauty,Cash,Miami,Department Store,3,30,90,Completed,No
903,27-04-23,CUST903,Female,51,Beauty,Debit Card,Dallas,Warehouse Club,4,50,200,Completed,No
66,27-04-23,CUST066,Female,45,Electronics,Debit Card,New York,Department Store,1,30,30,Completed,No
482,27-04-23,CUST482,Female,28,Clothing,Credit Card,San Francisco,Pharmacy,4,300,1200,Pending,Yes
236,28-04-23,CUST236,Female,54,Clothing,Mobile Payment,Chicago,Specialty Store,1,25,25,Pending,No
102,28-04-23,CUST102,Female,47,Beauty,Mobile Payment,New York,Convenience Store,2,25,50,Completed,No
228,28-04-23,CUST228,Female,59,Electronics,Cash,San Francisco,Department Store,2,30,60,Completed,No
660,29-04-23,CUST660,Female,38,Beauty,Debit Card,Atlanta,Convenience Store,2,500,1000,Completed,Yes
987,29-04-23,CUST987,Female,30,Clothing,Credit Card,Boston,Department Store,3,300,900,Pending,Yes
884,29-04-23,CUST884,Female,26,Clothing,Mobile Payment,Miami,Pharmacy,2,30,60,Pending,No
995,30-04-23,CUST995,Female,41,Clothing,Mobile Payment,Boston,Department Store,1,30,30,Pending,No
69,30-04-23,CUST069,Female,56,Beauty,Cash,Dallas,Department Store,3,25,75,Completed,No
18,30-04-23,CUST018,Female,47,Electronics,Credit Card,San Francisco,Department Store,2,25,50,Completed,No
652,01-05-23,CUST652,Female,34,Beauty,Cash,Chicago,Convenience Store,2,50,100,Completed,No
585,01-05-23,CUST585,Female,24,Clothing,Cash,Houston,Pharmacy,1,25,25,Pending,No
337,01-05-23,CUST337,Male,38,Clothing,Mobile Payment,Seattle,Supermarket,1,500,500,Pending,No
293,02-05-23,CUST293,Male,50,Electronics,Cash,Houston,Specialty Store,3,30,90,Completed,No
460,02-05-23,CUST460,Male,40,Beauty,Credit Card,New York,Pharmacy,1,50,50,Completed,No
242,02-05-23,CUST242,Male,21,Clothing,Debit Card,San Francisco,Supermarket,1,25,25,Pending,No
646,03-05-23,CUST646,Male,38,Clothing,Mobile Payment,Atlanta,Pharmacy,3,30,90,Pending,No
749,03-05-23,CUST749,Male,42,Beauty,Cash,Atlanta,Convenience Store,1,30,30,Completed,No
188,03-05-23,CUST188,Male,40,Clothing,Mobile Payment,Dallas,Supermarket,3,25,75,Pending,No
357,03-05-23,CUST357,Female,40,Electronics,Mobile Payment,Dallas,Specialty Store,3,25,75,Completed,No
974,03-05-23,CUST974,Male,47,Beauty,Cash,Miami,Pharmacy,1,30,30,Completed,No
849,04-05-23,CUST849,Male,32,Clothing,Debit Card,Houston,Department Store,2,25,50,Pending,No
853,04-05-23,CUST853,Male,21,Beauty,Debit Card,Houston,Warehouse Club,2,500,1000,Completed,Yes
190,04-05-23,CUST190,Female,60,Beauty,Credit Card,Seattle,Convenience Store,3,30,90,Completed,No
824,05-05-23,CUST824,Male,63,Clothing,Credit Card,Atlanta,Warehouse Club,4,30,120,Pending,No
606,05-05-23,CUST606,Male,22,Electronics,Debit Card,Dallas,Supermarket,1,50,50,Completed,No
252,05-05-23,CUST252,Male,54,Electronics,Mobile Payment,Los Angeles,Pharmacy,1,300,300,Completed,No
779,05-05-23,CUST779,Female,56,Electronics,Debit Card,Miami,Warehouse Club,2,500,1000,Completed,Yes
866,05-05-23,CUST866,Male,24,Electronics,Credit Card,New York,Specialty Store,1,50,50,Completed,No
820,06-05-23,CUST820,Male,49,Electronics,Mobile Payment,Atlanta,Pharmacy,4,50,200,Completed,No
593,06-05-23,CUST593,Male,35,Electronics,Debit Card,Dallas,Pharmacy,2,30,60,Completed,No
5,06-05-23,CUST005,Male,30,Beauty,Debit Card,Houston,Specialty Store,2,50,100,Completed,No
90,06-05-23,CUST090,Female,51,Electronics,Credit Card,New York,Pharmacy,1,30,30,Completed,No
380,06-05-23,CUST380,Male,56,Electronics,Mobile Payment,Seattle,Specialty Store,2,300,600,Completed,Yes
120,07-05-23,CUST120,Male,60,Beauty,Debit Card,Atlanta,Department Store,1,50,50,Completed,No
341,07-05-23,CUST341,Male,31,Clothing,Mobile Payment,Dallas,Supermarket,4,50,200,Pending,No
744,07-05-23,CUST744,Male,40,Electronics,Debit Card,Houston,Supermarket,1,25,25,Completed,No
221,07-05-23,CUST221,Male,39,Beauty,Debit Card,Miami,Warehouse Club,2,300,600,Completed,Yes
640,07-05-23,CUST640,Female,51,Electronics,Credit Card,Seattle,Specialty Store,4,30,120,Completed,No
620,08-05-23,CUST620,Male,63,Electronics,Debit Card,Dallas,Warehouse Club,3,25,75,Completed,No
273,08-05-23,CUST273,Female,22,Beauty,Credit Card,Houston,Convenience Store,1,50,50,Completed,No
452,08-05-23,CUST452,Female,48,Clothing,Credit Card,Los Angeles,Specialty Store,3,500,1500,Pending,Yes
469,08-05-23,CUST469,Male,18,Beauty,Credit Card,Los Angeles,Specialty Store,3,25,75,Completed,No
946,08-05-23,CUST946,Male,62,Electronics,Credit Card,Miami,Specialty Store,4,500,2000,Completed,Yes
283,08-05-23,CUST283,Female,18,Electronics,Mobile Payment,Seattle,Specialty Store,1,500,500,Completed,No
414,09-05-23,CUST414,Male,48,Beauty,Debit Card,Boston,Warehouse Club,4,25,100,Completed,No
148,09-05-23,CUST148,Male,18,Clothing,Cash,Los Angeles,Warehouse Club,2,30,60,Pending,No
883,09-05-23,CUST883,Male,40,Electronics,Cash,Los Angeles,Convenience Store,1,500,500,Completed,No
731,10-05-23,CUST731,Male,54,Clothing,Debit Card,Atlanta,Specialty Store,4,500,2000,Pending,Yes
930,10-05-23,CUST930,Male,54,Clothing,Cash,Dallas,Supermarket,4,50,200,Pending,No
518,11-05-23,CUST518,Female,40,Clothing,Cash,Dallas,Specialty Store,1,30,30,Pending,No
758,12-05-23,CUST758,Male,64,Clothing,Credit Card,Atlanta,Department Store,4,25,100,Pending,No
639,13-05-23,CUST639,Female,62,Beauty,Mobile Payment,San Francisco,Department Store,4,50,200,Completed,No
838,13-05-23,CUST838,Male,47,Electronics,Debit Card,San Francisco,Warehouse Club,2,300,600,Completed,Yes
501,14-05-23,CUST501,Male,39,Electronics,Mobile Payment,Atlanta,Warehouse Club,2,30,60,Completed,No
353,14-05-23,CUST353,Male,31,Electronics,Debit Card,Miami,Convenience Store,1,500,500,Completed,No
721,14-05-23,CUST721,Female,52,Clothing,Mobile Payment,Miami,Pharmacy,1,500,500,Pending,No
123,15-05-23,CUST123,Female,40,Electronics,Mobile Payment,Chicago,Department Store,2,30,60,Completed,No
164,15-05-23,CUST164,Female,47,Beauty,Cash,Chicago,Specialty Store,3,500,1500,Completed,Yes
425,15-05-23,CUST425,Female,55,Electronics,Mobile Payment,Dallas,Warehouse Club,4,30,120,Completed,No
203,16-05-23,CUST203,Male,56,Clothing,Mobile Payment,Atlanta,Specialty Store,2,500,1000,Pending,Yes
398,16-05-23,CUST398,Female,48,Clothing,Mobile Payment,Atlanta,Pharmacy,2,300,600,Pending,Yes
970,16-05-23,CUST970,Male,59,Electronics,Debit Card,Atlanta,Convenience Store,4,500,2000,Completed,Yes
358,16-05-23,CUST358,Female,32,Beauty,Credit Card,Chicago,Specialty Store,1,300,300,Completed,No
504,16-05-23,CUST504,Female,38,Beauty,Debit Card,Dallas,Convenience Store,3,50,150,Completed,No
48,16-05-23,CUST048,Male,54,Electronics,Mobile Payment,Los Angeles,Convenience Store,3,300,900,Completed,Yes
411,16-05-23,CUST411,Male,62,Electronics,Debit Card,New York,Convenience Store,4,50,200,Completed,No
118,16-05-23,CUST118,Female,30,Electronics,Credit Card,San Francisco,Convenience Store,7,500,3500,Completed,Yes
376,16-05-23,CUST376,Female,64,Beauty,Cash,San Francisco,Department Store,1,30,30,Completed,No
305,16-05-23,CUST305,Female,18,Beauty,Mobile Payment,Seattle,Supermarket,1,30,30,Completed,No
996,16-05-23,CUST996,Male,62,Clothing,Cash,Seattle,Supermarket,1,50,50,Pending,No
81,17-05-23,CUST081,Male,40,Electronics,Mobile Payment,Miami,Convenience Store,1,50,50,Completed,No
470,17-05-23,CUST470,Female,57,Clothing,Credit Card,New York,Department Store,2,500,1000,Pending,Yes
155,17-05-23,CUST155,Male,31,Electronics,Credit Card,Seattle,Warehouse Club,4,500,2000,Completed,Yes
818,18-05-23,CUST818,Male,30,Electronics,Mobile Payment,Houston,Specialty Store,1,500,500,Completed,No
106,18-05-23,CUST106,Female,46,Clothing,Cash,Seattle,Supermarket,1,50,50,Pending,No
94,19-05-23,CUST094,Female,47,Beauty,Cash,Boston,Convenience Store,2,500,1000,Completed,Yes
881,19-05-23,CUST881,Male,22,Electronics,Cash,Chicago,Warehouse Club,1,300,300,Completed,No
811,19-05-23,CUST811,Male,61,Beauty,Debit Card,Los Angeles,Convenience Store,2,25,50,Completed,No
403,20-05-23,CUST403,Male,32,Clothing,Credit Card,Chicago,Department Store,2,300,600,Pending,Yes
694,20-05-23,CUST694,Female,39,Electronics,Debit Card,Dallas,Supermarket,2,25,50,Completed,No
653,20-05-23,CUST653,Male,54,Clothing,Debit Card,Seattle,Supermarket,3,25,75,Pending,No
911,21-05-23,CUST911,Male,42,Electronics,Mobile Payment,Boston,Specialty Store,3,300,900,Completed,Yes
4,21-05-23,CUST004,Male,37,Clothing,Mobile Payment,Chicago,Pharmacy,1,500,500,Pending,No
647,21-05-23,CUST647,Male,59,Clothing,Debit Card,Chicago,Pharmacy,3,500,1500,Pending,Yes
843,22-05-23,CUST843,Male,21,Beauty,Debit Card,Dallas,Supermarket,3,500,1500,Completed,Yes
642,22-05-23,CUST642,Female,54,Clothing,Debit Card,Miami,Supermarket,4,25,100,Pending,No
895,22-05-23,CUST895,Female,55,Clothing,Mobile Payment,New York,Convenience Store,4,30,120,Pending,No
419,22-05-23,CUST419,Female,44,Clothing,Cash,Seattle,Department Store,3,30,90,Pending,No
281,23-05-23,CUST281,Female,29,Beauty,Cash,Atlanta,Convenience Store,4,500,2000,Completed,Yes
822,23-05-23,CUST822,Female,52,Beauty,Credit Card,Atlanta,Supermarket,3,50,150,Completed,No
31,23-05-23,CUST031,Male,44,Electronics,Debit Card,Boston,Specialty Store,10,300,3000,Completed,Yes
37,23-05-23,CUST037,Female,18,Beauty,Debit Card,Chicago,Convenience Store,3,25,75,Completed,No
243,23-05-23,CUST243,Female,47,Electronics,Mobile Payment,Chicago,Warehouse Club,3,300,900,Completed,Yes
72,23-05-23,CUST072,Female,20,Electronics,Mobile Payment,Houston,Pharmacy,4,500,2000,Completed,Yes
489,23-05-23,CUST489,Male,44,Electronics,Cash,Houston,Convenience Store,1,30,30,Completed,No
729,23-05-23,CUST729,Male,29,Clothing,Credit Card,San Francisco,Department Store,4,300,1200,Pending,Yes
491,23-05-23,CUST491,Female,60,Electronics,Credit Card,Seattle,Convenience Store,3,300,900,Completed,Yes
840,24-05-23,CUST840,Male,62,Clothing,Debit Card,Seattle,Supermarket,2,25,50,Pending,No
404,25-05-23,CUST404,Male,46,Electronics,Credit Card,Houston,Warehouse Club,2,500,1000,Completed,Yes
990,25-05-23,CUST990,Female,58,Beauty,Debit Card,Houston,Supermarket,2,500,1000,Completed,Yes
899,25-05-23,CUST899,Male,26,Clothing,Mobile Payment,San Francisco,Pharmacy,2,300,600,Pending,Yes
382,26-05-23,CUST382,Female,53,Clothing,Credit Card,Boston,Supermarket,2,500,1000,Pending,Yes
923,26-05-23,CUST923,Male,32,Beauty,Mobile Payment,Houston,Pharmacy,3,300,900,Completed,Yes
578,26-05-23,CUST578,Female,54,Clothing,Debit Card,Los Angeles,Convenience Store,4,30,120,Pending,No
651,27-05-23,CUST651,Male,51,Clothing,Cash,Boston,Supermarket,3,50,150,Pending,No
561,27-05-23,CUST561,Female,64,Clothing,Cash,Dallas,Convenience Store,4,500,2000,Pending,Yes
307,27-05-23,CUST307,Female,26,Electronics,Debit Card,Los Angeles,Pharmacy,2,25,50,Completed,No
988,28-05-23,CUST988,Female,63,Clothing,Credit Card,Miami,Warehouse Club,3,25,75,Pending,No
67,29-05-23,CUST067,Female,48,Beauty,Credit Card,Miami,Department Store,4,300,1200,Completed,Yes
915,30-05-23,CUST915,Female,26,Beauty,Credit Card,Los Angeles,Department Store,3,30,90,Completed,No
985,30-05-23,CUST985,Female,19,Electronics,Mobile Payment,San Francisco,Department Store,2,25,50,Completed,No
862,31-05-23,CUST862,Male,28,Electronics,Mobile Payment,San Francisco,Department Store,4,300,1200,Completed,Yes
56,31-05-23,CUST056,Female,26,Clothing,Mobile Payment,Seattle,Specialty Store,3,300,900,Pending,Yes
159,31-05-23,CUST159,Male,26,Clothing,Debit Card,Seattle,Warehouse Club,4,50,200,Pending,No
545,01-06-23,CUST545,Male,27,Clothing,Credit Card,Atlanta,Specialty Store,2,25,50,Pending,No
315,01-06-23,CUST315,Male,47,Clothing,Debit Card,Boston,Pharmacy,2,30,60,Pending,No
902,01-06-23,CUST902,Female,54,Beauty,Mobile Payment,Chicago,Warehouse Club,1,50,50,Completed,No
685,02-06-23,CUST685,Male,57,Electronics,Cash,Dallas,Convenience Store,2,25,50,Completed,No
170,02-06-23,CUST170,Female,25,Clothing,Debit Card,New York,Pharmacy,2,25,50,Pending,No
958,02-06-23,CUST958,Male,62,Electronics,Cash,Seattle,Warehouse Club,2,25,50,Completed,No
363,03-06-23,CUST363,Male,64,Beauty,Cash,Chicago,Specialty Store,1,25,25,Completed,No
394,03-06-23,CUST394,Female,27,Clothing,Mobile Payment,Chicago,Department Store,1,500,500,Pending,No
537,03-06-23,CUST537,Female,21,Beauty,Mobile Payment,Los Angeles,Supermarket,1,500,500,Completed,No
556,04-06-23,CUST556,Female,18,Electronics,Credit Card,Atlanta,Convenience Store,1,50,50,Completed,No
782,04-06-23,CUST782,Male,59,Clothing,Mobile Payment,Chicago,Pharmacy,3,300,900,Pending,Yes
387,04-06-23,CUST387,Male,44,Beauty,Debit Card,Dallas,Convenience Store,1,30,30,Completed,No
906,04-06-23,CUST906,Female,20,Clothing,Credit Card,Dallas,Warehouse Club,1,50,50,Pending,No
944,05-06-23,CUST944,Male,44,Clothing,Mobile Payment,Boston,Warehouse Club,2,25,50,Pending,No
560,05-06-23,CUST560,Female,25,Electronics,Cash,San Francisco,Convenience Store,1,50,50,Completed,No
961,06-06-23,CUST961,Male,53,Beauty,Debit Card,Los Angeles,Convenience Store,4,50,200,Completed,No
867,06-06-23,CUST867,Male,21,Electronics,Credit Card,San Francisco,Pharmacy,1,500,500,Completed,No
481,06-06-23,CUST481,Female,43,Electronics,Credit Card,Seattle,Convenience Store,4,300,1200,Completed,Yes
882,06-06-23,CUST882,Female,64,Electronics,Credit Card,Seattle,Department Store,2,25,50,Completed,No
446,07-06-23,CUST446,Male,21,Electronics,Cash,Atlanta,Specialty Store,1,50,50,Completed,No
187,07-06-23,CUST187,Female,64,Clothing,Cash,San Francisco,Pharmacy,2,50,100,Pending,No
587,08-06-23,CUST587,Female,40,Beauty,Credit Card,Atlanta,Pharmacy,4,300,1200,Completed,Yes
539,08-06-23,CUST539,Male,25,Beauty,Debit Card,New York,Warehouse Club,1,500,500,Completed,No
212,09-06-23,CUST212,Male,21,Clothing,Debit Card,Houston,Warehouse Club,3,500,1500,Pending,Yes
769,09-06-23,CUST769,Female,31,Electronics,Cash,San Francisco,Pharmacy,4,30,120,Completed,No
765,09-06-23,CUST765,Male,43,Clothing,Debit Card,Seattle,Pharmacy,4,50,200,Pending,No
510,10-06-23,CUST510,Female,39,Beauty,Debit Card,Houston,Convenience Store,4,50,200,Completed,No
534,10-06-23,CUST534,Male,45,Clothing,Credit Card,Miami,Specialty Store,2,500,1000,Pending,Yes
321,10-06-23,CUST321,Female,26,Electronics,Mobile Payment,San Francisco,Warehouse Club,2,25,50,Completed,No
356,10-06-23,CUST356,Male,50,Electronics,Cash,San Francisco,Department Store,3,500,1500,Completed,Yes
352,11-06-23,CUST352,Male,57,Electronics,Mobile Payment,Boston,Pharmacy,2,500,1000,Completed,Yes
887,11-06-23,CUST887,Male,59,Clothing,Cash,Boston,Specialty Store,4,25,100,Pending,No
104,11-06-23,CUST104,Female,34,Beauty,Cash,San Francisco,Convenience Store,2,500,1000,Completed,Yes
110,11-06-23,CUST110,Male,27,Clothing,Mobile Payment,Seattle,Department Store,3,300,900,Pending,Yes
365,11-06-23,CUST365,Male,31,Clothing,Debit Card,Seattle,Supermarket,1,300,300,Pending,No
629,12-06-23,CUST629,Male,62,Electronics,Credit Card,Seattle,Convenience Store,2,25,50,Completed,No
655,13-06-23,CUST655,Female,55,Clothing,Credit Card,Boston,Convenience Store,1,500,500,Pending,No
567,14-06-23,CUST567,Female,25,Clothing,Mobile Payment,Miami,Specialty Store,3,300,900,Pending,Yes
819,15-06-23,CUST819,Female,35,Beauty,Debit Card,Atlanta,Warehouse Club,2,50,100,Completed,No
182,15-06-23,CUST182,Male,62,Beauty,Debit Card,Chicago,Convenience Store,4,30,120,Completed,No
100,16-06-23,CUST100,Male,41,Electronics,Credit Card,Chicago,Convenience Store,1,30,30,Completed,No
833,16-06-23,CUST833,Male,42,Beauty,Debit Card,Chicago,Pharmacy,4,50,200,Completed,No
723,17-06-23,CUST723,Female,54,Beauty,Cash,Los Angeles,Warehouse Club,4,50,200,Completed,No
542,17-06-23,CUST542,Female,20,Beauty,Mobile Payment,Miami,Convenience Store,1,50,50,Completed,No
726,17-06-23,CUST726,Male,47,Clothing,Cash,San Francisco,Specialty Store,4,300,1200,Pending,Yes
488,18-06-23,CUST488,Female,51,Electronics,Debit Card,San Francisco,Specialty Store,3,300,900,Completed,Yes
877,19-06-23,CUST877,Female,58,Clothing,Credit Card,Boston,Supermarket,1,25,25,Pending,No
669,19-06-23,CUST669,Male,24,Beauty,Credit Card,Houston,Supermarket,4,300,1200,Completed,Yes
532,19-06-23,CUST532,Female,64,Clothing,Mobile Payment,Los Angeles,Convenience Store,4,30,120,Pending,No
239,19-06-23,CUST239,Male,38,Electronics,Cash,Miami,Supermarket,3,500,1500,Completed,Yes
498,19-06-23,CUST498,Female,50,Clothing,Credit Card,Miami,Supermarket,4,25,100,Pending,No
422,20-06-23,CUST422,Female,28,Clothing,Debit Card,Boston,Specialty Store,3,30,90,Pending,No
466,20-06-23,CUST466,Male,63,Electronics,Debit Card,Seattle,Warehouse Club,4,25,100,Completed,No
583,21-06-23,CUST583,Female,24,Electronics,Debit Card,Los Angeles,Department Store,4,25,100,Completed,No
654,21-06-23,CUST654,Male,42,Clothing,Mobile Payment,Los Angeles,Department Store,3,25,75,Pending,No
40,22-06-23,CUST040,Male,45,Beauty,Cash,Dallas,Supermarket,1,50,50,Completed,No
727,22-06-23,CUST727,Male,55,Beauty,Mobile Payment,Dallas,Specialty Store,3,300,900,Completed,Yes
830,22-06-23,CUST830,Female,64,Clothing,Debit Card,New York,Pharmacy,3,50,150,Pending,No
699,22-06-23,CUST699,Female,37,Clothing,Cash,Seattle,Convenience Store,4,30,120,Pending,No
271,23-06-23,CUST271,Female,62,Beauty,Debit Card,Dallas,Supermarket,4,30,120,Completed,No
224,23-06-23,CUST224,Female,25,Clothing,Debit Card,San Francisco,Convenience Store,1,50,50,Pending,No
157,24-06-23,CUST157,Male,62,Electronics,Cash,Dallas,Convenience Store,4,500,2000,Completed,Yes
839,24-06-23,CUST839,Female,20,Electronics,Cash,Dallas,Warehouse Club,4,300,1200,Completed,Yes
796,24-06-23,CUST796,Male,43,Beauty,Credit Card,Los Angeles,Specialty Store,4,30,120,Completed,No
36,24-06-23,CUST036,Male,52,Beauty,Credit Card,Miami,Warehouse Club,3,300,900,Completed,Yes
927,24-06-23,CUST927,Male,43,Electronics,Debit Card,New York,Pharmacy,4,500,2000,Completed,Yes
407,25-06-23,CUST407,Female,46,Electronics,Debit Card,Miami,Convenience Store,3,300,900,Completed,Yes
46,26-06-23,CUST046,Female,20,Electronics,Credit Card,Chicago,Convenience Store,4,300,1200,Completed,Yes
509,26-06-23,CUST509,Female,37,Electronics,Cash,Houston,Pharmacy,3,300,900,Completed,Yes
874,26-06-23,CUST874,Male,60,Beauty,Mobile Payment,Houston,Specialty Store,1,30,30,Completed,No
788,27-06-23,CUST788,Female,52,Beauty,Cash,Boston,Convenience Store,3,300,900,Completed,Yes
378,28-06-23,CUST378,Male,50,Beauty,Credit Card,Los Angeles,Warehouse Club,1,300,300,Completed,No
492,29-06-23,CUST492,Male,61,Beauty,Credit Card,Atlanta,Warehouse Club,4,25,100,Completed,No
480,29-06-23,CUST480,Female,42,Beauty,Cash,Chicago,Warehouse Club,4,500,2000,Completed,Yes
737,29-06-23,CUST737,Female,33,Clothing,Credit Card,Seattle,Specialty Store,1,50,50,Pending,No
684,30-06-23,CUST684,Female,28,Clothing,Mobile Payment,San Francisco,Convenience Store,2,500,1000,Pending,Yes
878,30-06-23,CUST878,Female,20,Clothing,Credit Card,San Francisco,Department Store,1,30,30,Pending,No
78,01-07-23,CUST078,Female,47,Clothing,Mobile Payment,Los Angeles,Specialty Store,3,500,1500,Pending,Yes
837,01-07-23,CUST837,Male,18,Beauty,Cash,Miami,Pharmacy,3,30,90,Completed,No
455,01-07-23,CUST455,Male,31,Electronics,Mobile Payment,New York,Pharmacy,4,25,100,Completed,No
260,01-07-23,CUST260,Male,28,Beauty,Credit Card,Seattle,Warehouse Club,2,30,60,Completed,No
45,03-07-23,CUST045,Female,55,Electronics,Cash,Atlanta,Department Store,1,30,30,Completed,No
449,03-07-23,CUST449,Male,25,Electronics,Debit Card,Dallas,Warehouse Club,4,50,200,Completed,No
904,04-07-23,CUST904,Male,28,Clothing,Cash,New York,Department Store,1,500,500,Pending,No
128,05-07-23,CUST128,Male,25,Beauty,Cash,Boston,Pharmacy,1,500,500,Completed,No
802,05-07-23,CUST802,Female,46,Beauty,Credit Card,Houston,Department Store,1,30,30,Completed,No
186,05-07-23,CUST186,Male,20,Clothing,Mobile Payment,Los Angeles,Warehouse Club,6,50,300,Pending,No
59,05-07-23,CUST059,Male,62,Clothing,Mobile Payment,Miami,Pharmacy,1,50,50,Pending,No
447,06-07-23,CUST447,Male,22,Beauty,Cash,Atlanta,Pharmacy,4,500,2000,Completed,Yes
75,06-07-23,CUST075,Male,61,Beauty,Mobile Payment,Dallas,Supermarket,8,50,400,Completed,No
528,06-07-23,CUST528,Female,36,Clothing,Credit Card,San Francisco,Warehouse Club,2,30,60,Pending,No
759,08-07-23,CUST759,Male,49,Electronics,Debit Card,Chicago,Convenience Store,2,50,100,Completed,No
870,08-07-23,CUST870,Female,46,Electronics,Cash,New York,Supermarket,4,30,120,Completed,No
77,09-07-23,CUST077,Female,47,Clothing,Cash,Atlanta,Warehouse Club,2,50,100,Pending,No
439,09-07-23,CUST439,Male,50,Clothing,Mobile Payment,Chicago,Warehouse Club,3,25,75,Pending,No
792,09-07-23,CUST792,Female,20,Beauty,Debit Card,Chicago,Convenience Store,1,50,50,Completed,No
381,09-07-23,CUST381,Female,44,Clothing,Mobile Payment,Los Angeles,Specialty Store,5,25,125,Pending,No
216,11-07-23,CUST216,Male,62,Electronics,Credit Card,Los Angeles,Supermarket,2,50,100,Completed,No
176,11-07-23,CUST176,Female,43,Beauty,Cash,Seattle,Convenience Store,2,50,100,Completed,No
772,12-07-23,CUST772,Male,26,Electronics,Mobile Payment,New York,Warehouse Club,1,30,30,Completed,No
53,13-07-23,CUST053,Male,34,Electronics,Mobile Payment,Boston,Convenience Store,2,50,100,Completed,No
71,14-07-23,CUST071,Female,51,Beauty,Credit Card,Atlanta,Pharmacy,4,25,100,Completed,No
43,14-07-23,CUST043,Female,48,Clothing,Cash,Boston,Specialty Store,1,300,300,Pending,No
302,14-07-23,CUST302,Male,57,Beauty,Credit Card,Chicago,Department Store,2,300,600,Completed,Yes
829,14-07-23,CUST829,Male,61,Beauty,Cash,Chicago,Warehouse Club,3,30,90,Completed,No
722,14-07-23,CUST722,Male,20,Beauty,Mobile Payment,Houston,Convenience Store,3,300,900,Completed,Yes
93,14-07-23,CUST093,Female,35,Beauty,Mobile Payment,Miami,Pharmacy,4,500,2000,Completed,Yes
681,14-07-23,CUST681,Female,43,Electronics,Debit Card,New York,Supermarket,2,30,60,Completed,No
728,14-07-23,CUST728,Male,51,Electronics,Debit Card,New York,Convenience Store,3,50,150,Completed,No
551,14-07-23,CUST551,Male,45,Electronics,Credit Card,Seattle,Supermarket,3,300,900,Completed,Yes
955,14-07-23,CUST955,Male,58,Clothing,Mobile Payment,Seattle,Supermarket,1,25,25,Pending,No
474,15-07-23,CUST474,Female,26,Clothing,Credit Card,Boston,Convenience Store,3,500,1500,Pending,Yes
144,15-07-23,CUST144,Female,59,Beauty,Credit Card,Miami,Department Store,3,500,1500,Completed,Yes
661,16-07-23,CUST661,Female,44,Clothing,Mobile Payment,Houston,Department Store,4,25,100,Pending,No
603,16-07-23,CUST603,Female,40,Clothing,Mobile Payment,Los Angeles,Specialty Store,3,30,90,Pending,No
515,17-07-23,CUST515,Female,49,Clothing,Debit Card,Atlanta,Convenience Store,3,300,900,Pending,Yes
143,17-07-23,CUST143,Female,45,Clothing,Cash,Miami,Specialty Store,1,50,50,Pending,No
698,19-07-23,CUST698,Female,64,Electronics,Credit Card,Dallas,Warehouse Club,1,300,300,Completed,No
686,19-07-23,CUST686,Female,28,Electronics,Credit Card,Houston,Warehouse Club,4,50,200,Completed,No
304,19-07-23,CUST304,Female,37,Electronics,Debit Card,San Francisco,Department Store,2,30,60,Completed,No
676,19-07-23,CUST676,Male,63,Electronics,Debit Card,Seattle,Supermarket,3,500,1500,Completed,Yes
709,21-07-23,CUST709,Female,19,Electronics,Cash,Boston,Warehouse Club,2,500,1000,Completed,Yes
359,22-07-23,CUST359,Male,50,Clothing,Mobile Payment,Atlanta,Specialty Store,1,50,50,Pending,No
114,22-07-23,CUST114,Female,22,Beauty,Credit Card,Miami,Supermarket,7,25,175,Completed,No
773,23-07-23,CUST773,Male,25,Electronics,Credit Card,Chicago,Pharmacy,4,500,2000,Completed,Yes
213,24-07-23,CUST213,Male,27,Beauty,Cash,Boston,Department Store,3,500,1500,Completed,Yes
605,24-07-23,CUST605,Male,37,Electronics,Cash,Boston,Supermarket,2,500,1000,Completed,Yes
487,24-07-23,CUST487,Male,44,Clothing,Mobile Payment,Chicago,Convenience Store,4,500,2000,Pending,Yes
495,24-07-23,CUST495,Male,24,Beauty,Credit Card,Los Angeles,Department Store,2,30,60,Completed,No
127,24-07-23,CUST127,Female,33,Clothing,Debit Card,San Francisco,Department Store,2,25,50,Pending,No
299,25-07-23,CUST299,Male,61,Electronics,Cash,Boston,Supermarket,2,500,1000,Completed,Yes
105,25-07-23,CUST105,Female,22,Electronics,Cash,New York,Department Store,1,500,500,Completed,No
934,25-07-23,CUST934,Male,30,Beauty,Cash,San Francisco,Specialty Store,1,500,500,Completed,No
270,26-07-23,CUST270,Male,43,Electronics,Debit Card,Dallas,Pharmacy,1,300,300,Completed,No
338,26-07-23,CUST338,Male,54,Beauty,Debit Card,Houston,Supermarket,2,50,100,Completed,No
543,26-07-23,CUST543,Male,49,Beauty,Debit Card,Miami,Department Store,2,300,600,Completed,Yes
557,27-07-23,CUST557,Female,20,Beauty,Credit Card,Houston,Pharmacy,3,30,90,Completed,No
864,27-07-23,CUST864,Female,51,Electronics,Debit Card,Houston,Warehouse Club,1,500,500,Completed,No
702,27-07-23,CUST702,Female,60,Clothing,Cash,San Francisco,Department Store,2,300,600,Pending,Yes
457,28-07-23,CUST457,Female,58,Beauty,Credit Card,Atlanta,Convenience Store,3,300,900,Completed,Yes
668,28-07-23,CUST668,Female,62,Electronics,Debit Card,Atlanta,Warehouse Club,3,50,150,Completed,No
295,28-07-23,CUST295,Female,27,Beauty,Mobile Payment,Miami,Convenience Store,3,300,900,Completed,Yes
254,28-07-23,CUST254,Male,41,Electronics,Mobile Payment,Seattle,Specialty Store,1,500,500,Completed,No
850,28-07-23,CUST850,Female,26,Beauty,Cash,Seattle,Warehouse Club,2,500,1000,Completed,Yes
980,29-07-23,CUST980,Female,31,Electronics,Debit Card,Dallas,Pharmacy,3,25,75,Completed,No
541,29-07-23,CUST541,Male,56,Beauty,Debit Card,New York,Department Store,1,500,500,Completed,No
262,30-07-23,CUST262,Female,32,Beauty,Debit Card,Chicago,Warehouse Club,4,30,120,Completed,No
467,30-07-23,CUST467,Female,53,Electronics,Credit Card,Chicago,Convenience Store,3,50,150,Completed,No
463,31-07-23,CUST463,Female,54,Beauty,Debit Card,Dallas,Supermarket,3,500,1500,Completed,Yes
667,01-08-23,CUST667,Female,29,Electronics,Debit Card,Atlanta,Pharmacy,1,500,500,Completed,No
598,01-08-23,CUST598,Male,37,Beauty,Cash,Dallas,Department Store,4,30,120,Completed,No
672,01-08-23,CUST672,Female,34,Beauty,Mobile Payment,Los Angeles,Department Store,2,50,100,Completed,No
949,02-08-23,CUST949,Female,41,Electronics,Credit Card,Los Angeles,Specialty Store,2,25,50,Completed,No
27,03-08-23,CUST027,Female,38,Beauty,Debit Card,Dallas,Warehouse Club,2,25,50,Completed,No
347,03-08-23,CUST347,Male,42,Electronics,Debit Card,Miami,Convenience Store,1,25,25,Completed,No
687,03-08-23,CUST687,Female,53,Electronics,Cash,Miami,Pharmacy,1,300,300,Completed,No
549,04-08-23,CUST549,Female,50,Beauty,Cash,Atlanta,Supermarket,2,50,100,Completed,No
730,04-08-23,CUST730,Female,36,Clothing,Cash,Atlanta,Warehouse Club,2,25,50,Pending,No
675,04-08-23,CUST675,Female,45,Clothing,Credit Card,Chicago,Supermarket,2,30,60,Pending,No
798,04-08-23,CUST798,Male,61,Clothing,Debit Card,San Francisco,Pharmacy,1,50,50,Pending,No
140,05-08-23,CUST140,Male,38,Electronics,Credit Card,Dallas,Specialty Store,1,30,30,Completed,No
261,05-08-23,CUST261,Male,21,Clothing,Debit Card,Dallas,Convenience Store,2,25,50,Pending,No
308,05-08-23,CUST308,Female,34,Beauty,Debit Card,Miami,Pharmacy,4,300,1200,Completed,Yes
13,05-08-23,CUST013,Male,22,Electronics,Debit Card,New York,Pharmacy,3,500,1500,Completed,Yes
35,05-08-23,CUST035,Female,58,Beauty,Credit Card,San Francisco,Supermarket,3,300,900,Completed,Yes
206,05-08-23,CUST206,Male,61,Clothing,Mobile Payment,San Francisco,Specialty Store,1,25,25,Pending,No
279,05-08-23,CUST279,Male,50,Clothing,Debit Card,San Francisco,Pharmacy,1,500,500,Pending,No
418,05-08-23,CUST418,Female,60,Electronics,Credit Card,San Francisco,Supermarket,2,500,1000,Completed,Yes
875,06-08-23,CUST875,Female,51,Electronics,Mobile Payment,Chicago,Department Store,4,500,2000,Completed,Yes
612,06-08-23,CUST612,Female,61,Electronics,Debit Card,San Francisco,Warehouse Club,1,500,500,Completed,No
430,07-08-23,CUST430,Female,43,Electronics,Debit Card,Boston,Warehouse Club,3,300,900,Completed,Yes
633,07-08-23,CUST633,Male,39,Beauty,Cash,San Francisco,Specialty Store,4,30,120,Completed,No
790,08-08-23,CUST790,Male,62,Clothing,Cash,Boston,Warehouse Club,1,25,25,Pending,No
960,08-08-23,CUST960,Male,59,Clothing,Credit Card,Houston,Convenience Store,2,30,60,Pending,No
125,08-08-23,CUST125,Male,48,Clothing,Debit Card,Miami,Supermarket,2,50,100,Pending,No
716,08-08-23,CUST716,Female,60,Clothing,Cash,San Francisco,Warehouse Club,4,300,1200,Pending,Yes
259,09-08-23,CUST259,Female,45,Clothing,Credit Card,Atlanta,Department Store,4,50,200,Pending,No
563,09-08-23,CUST563,Male,20,Clothing,Mobile Payment,Atlanta,Supermarket,2,30,60,Pending,No
443,09-08-23,CUST443,Male,29,Clothing,Credit Card,Houston,Warehouse Club,2,300,600,Pending,Yes
529,09-08-23,CUST529,Female,35,Clothing,Mobile Payment,Houston,Convenience Store,3,50,150,Pending,No
801,10-08-23,CUST801,Male,21,Clothing,Credit Card,Boston,Supermarket,4,50,200,Pending,No
807,11-08-23,CUST807,Female,50,Electronics,Mobile Payment,Dallas,Specialty Store,4,50,200,Completed,No
508,11-08-23,CUST508,Male,58,Beauty,Cash,Los Angeles,Specialty Store,2,300,600,Completed,Yes
160,11-08-23,CUST160,Female,43,Clothing,Mobile Payment,Miami,Warehouse Club,2,50,100,Pending,No
816,12-08-23,CUST816,Male,47,Beauty,Cash,Boston,Specialty Store,2,500,1000,Completed,Yes
511,12-08-23,CUST511,Male,45,Beauty,Cash,Chicago,Supermarket,2,50,100,Completed,No
695,12-08-23,CUST695,Female,22,Electronics,Credit Card,Miami,Convenience Store,3,50,150,Completed,No
521,12-08-23,CUST521,Female,47,Clothing,Debit Card,San Francisco,Department Store,4,30,120,Pending,No
217,13-08-23,CUST217,Female,35,Electronics,Mobile Payment,Dallas,Pharmacy,4,50,200,Completed,No
384,13-08-23,CUST384,Male,55,Clothing,Credit Card,Seattle,Convenience Store,1,500,500,Pending,No
648,14-08-23,CUST648,Male,53,Beauty,Debit Card,Boston,Specialty Store,4,300,1200,Completed,Yes
926,14-08-23,CUST926,Male,22,Electronics,Mobile Payment,Dallas,Convenience Store,1,30,30,Completed,No
427,15-08-23,CUST427,Male,25,Electronics,Debit Card,Atlanta,Specialty Store,1,25,25,Completed,No
569,15-08-23,CUST569,Male,52,Electronics,Cash,Dallas,Warehouse Club,4,50,200,Completed,No
570,15-08-23,CUST570,Male,49,Clothing,Mobile Payment,Dallas,Department Store,1,500,500,Pending,No
285,15-08-23,CUST285,Female,31,Electronics,Mobile Payment,Los Angeles,Pharmacy,1,25,25,Completed,No
957,15-08-23,CUST957,Female,60,Electronics,Debit Card,Los Angeles,Convenience Store,4,30,120,Completed,No
630,15-08-23,CUST630,Male,42,Clothing,Cash,San Francisco,Supermarket,2,50,100,Pending,No
635,17-08-23,CUST635,Female,63,Electronics,Mobile Payment,Seattle,Convenience Store,3,300,900,Completed,Yes
277,18-08-23,CUST277,Male,36,Clothing,Cash,Chicago,Convenience Store,4,25,100,Pending,No
859,18-08-23,CUST859,Female,56,Electronics,Credit Card,New York,Specialty Store,3,500,1500,Completed,Yes
29,18-08-23,CUST029,Female,42,Electronics,Credit Card,San Francisco,Specialty Store,1,30,30,Completed,No
823,19-08-23,CUST823,Female,56,Electronics,Debit Card,Los Angeles,Supermarket,2,50,100,Completed,No
981,19-08-23,CUST981,Female,30,Electronics,Debit Card,Los Angeles,Department Store,2,30,60,Completed,No
638,19-08-23,CUST638,Male,46,Electronics,Credit Card,San Francisco,Supermarket,1,500,500,Completed,No
956,19-08-23,CUST956,Male,30,Clothing,Cash,Seattle,Warehouse Club,3,500,1500,Pending,Yes
219,20-08-23,CUST219,Female,53,Electronics,Credit Card,Los Angeles,Department Store,3,30,90,Completed,No
725,21-08-23,CUST725,Male,61,Electronics,Credit Card,Boston,Convenience Store,1,300,300,Completed,No
73,21-08-23,CUST073,Male,29,Electronics,Mobile Payment,Los Angeles,Specialty Store,3,30,90,Completed,No
162,21-08-23,CUST162,Male,39,Clothing,Mobile Payment,Miami,Specialty Store,2,30,60,Pending,No
992,21-08-23,CUST992,Female,57,Electronics,Cash,Miami,Warehouse Club,2,30,60,Completed,No
880,21-08-23,CUST880,Male,22,Beauty,Cash,New York,Convenience Store,2,500,1000,Completed,Yes
306,21-08-23,CUST306,Male,54,Electronics,Mobile Payment,Seattle,Supermarket,1,50,50,Completed,No
597,22-08-23,CUST597,Male,22,Beauty,Mobile Payment,Chicago,Specialty Store,4,300,1200,Completed,Yes
622,22-08-23,CUST622,Female,49,Beauty,Cash,Los Angeles,Warehouse Club,3,25,75,Completed,No
116,23-08-23,CUST116,Female,23,Clothing,Cash,San Francisco,Pharmacy,1,30,30,Pending,No
368,23-08-23,CUST368,Female,56,Clothing,Cash,San Francisco,Supermarket,5,300,1500,Pending,Yes
364,23-08-23,CUST364,Female,19,Beauty,Credit Card,Seattle,Convenience Store,1,500,500,Completed,No
479,24-08-23,CUST479,Male,52,Electronics,Debit Card,Chicago,Department Store,4,300,1200,Completed,Yes
804,24-08-23,CUST804,Male,42,Electronics,Mobile Payment,Dallas,Specialty Store,1,30,30,Completed,No
50,24-08-23,CUST050,Female,27,Beauty,Cash,Houston,Warehouse Club,3,25,75,Completed,No
282,25-08-23,CUST282,Female,64,Electronics,Mobile Payment,Dallas,Department Store,4,50,200,Completed,No
718,25-08-23,CUST718,Female,59,Beauty,Cash,Dallas,Convenience Store,3,25,75,Completed,No
92,25-08-23,CUST092,Female,51,Electronics,Credit Card,Miami,Convenience Store,4,30,120,Completed,No
617,26-08-23,CUST617,Male,34,Electronics,Credit Card,Atlanta,Pharmacy,1,30,30,Completed,No
825,26-08-23,CUST825,Female,46,Beauty,Debit Card,Miami,Pharmacy,1,25,25,Completed,No
624,26-08-23,CUST624,Female,34,Beauty,Mobile Payment,Seattle,Specialty Store,3,300,900,Completed,Yes
568,27-08-23,CUST568,Female,51,Electronics,Cash,Atlanta,Supermarket,1,300,300,Completed,No
756,27-08-23,CUST756,Female,62,Electronics,Credit Card,Boston,Pharmacy,4,300,1200,Completed,Yes
815,27-08-23,CUST815,Female,51,Clothing,Debit Card,Dallas,Pharmacy,3,25,75,Pending,No
671,27-08-23,CUST671,Male,62,Electronics,Credit Card,San Francisco,Specialty Store,3,50,150,Completed,No
704,28-08-23,CUST704,Female,62,Clothing,Credit Card,Houston,Convenience Store,3,30,90,Pending,No
263,28-08-23,CUST263,Male,23,Beauty,Credit Card,Los Angeles,Supermarket,2,30,60,Completed,No
146,28-08-23,CUST146,Male,38,Clothing,Mobile Payment,Seattle,Convenience Store,4,50,200,Pending,No
476,29-08-23,CUST476,Female,27,Clothing,Mobile Payment,Atlanta,Convenience Store,4,500,2000,Pending,Yes
733,29-08-23,CUST733,Male,34,Beauty,Cash,Los Angeles,Pharmacy,1,30,30,Completed,No
984,29-08-23,CUST984,Male,56,Clothing,Debit Card,San Francisco,Specialty Store,1,500,500,Pending,No
924,29-08-23,CUST924,Male,55,Beauty,Credit Card,Seattle,Supermarket,2,50,100,Completed,No
871,31-08-23,CUST871,Male,62,Beauty,Credit Card,Chicago,Convenience Store,2,30,60,Completed,No
253,31-08-23,CUST253,Female,53,Clothing,Debit Card,San Francisco,Warehouse Club,4,500,2000,Pending,Yes
751,31-08-23,CUST751,Female,42,Clothing,Debit Card,San Francisco,Pharmacy,2,25,50,Pending,No
251,31-08-23,CUST251,Female,57,Beauty,Credit Card,Seattle,Supermarket,4,50,200,Completed,No
574,31-08-23,CUST574,Female,63,Electronics,Debit Card,Seattle,Specialty Store,2,25,50,Completed,No
637,01-09-23,CUST637,Male,43,Clothing,Credit Card,Houston,Specialty Store,2,300,600,Pending,Yes
855,01-09-23,CUST855,Male,54,Beauty,Credit Card,Houston,Warehouse Club,1,25,25,Completed,No
200,01-09-23,CUST200,Male,27,Beauty,Cash,Miami,Pharmacy,3,50,150,Completed,No
594,01-09-23,CUST594,Female,19,Electronics,Cash,San Francisco,Specialty Store,2,300,600,Completed,Yes
325,02-09-23,CUST325,Female,52,Electronics,Cash,Chicago,Warehouse Club,2,25,50,Completed,No
682,02-09-23,CUST682,Male,46,Beauty,Debit Card,Chicago,Pharmacy,4,300,1200,Completed,Yes
931,02-09-23,CUST931,Male,30,Beauty,Credit Card,Chicago,Specialty Store,4,30,120,Completed,No
925,03-09-23,CUST925,Male,25,Electronics,Credit Card,Dallas,Pharmacy,1,300,300,Completed,No
297,04-09-23,CUST297,Female,40,Electronics,Debit Card,Los Angeles,Convenience Store,2,500,1000,Completed,Yes
894,05-09-23,CUST894,Male,52,Electronics,Mobile Payment,New York,Convenience Store,1,30,30,Completed,No
814,05-09-23,CUST814,Female,59,Clothing,Mobile Payment,San Francisco,Pharmacy,1,500,500,Pending,No
194,06-09-23,CUST194,Male,55,Clothing,Debit Card,Boston,Department Store,4,50,200,Pending,No
296,06-09-23,CUST296,Female,22,Clothing,Credit Card,Dallas,Pharmacy,4,300,1200,Pending,Yes
696,06-09-23,CUST696,Female,50,Clothing,Cash,Dallas,Department Store,4,50,200,Pending,No
245,06-09-23,CUST245,Male,47,Clothing,Debit Card,Los Angeles,Supermarket,3,30,90,Pending,No
644,06-09-23,CUST644,Male,23,Beauty,Debit Card,New York,Pharmacy,3,25,75,Completed,No
835,07-09-23,CUST835,Male,37,Clothing,Cash,Boston,Pharmacy,4,50,200,Pending,No
692,07-09-23,CUST692,Female,64,Clothing,Credit Card,Chicago,Warehouse Club,2,50,100,Pending,No
312,07-09-23,CUST312,Male,41,Clothing,Debit Card,New York,Department Store,4,30,120,Pending,No
851,08-09-23,CUST851,Male,32,Electronics,Cash,Chicago,Warehouse Club,2,25,50,Completed,No
413,08-09-23,CUST413,Female,44,Beauty,Credit Card,Los Angeles,Specialty Store,3,25,75,Completed,No
183,08-09-23,CUST183,Female,43,Beauty,Credit Card,New York,Supermarket,3,300,900,Completed,Yes
799,08-09-23,CUST799,Male,56,Electronics,Cash,San Francisco,Specialty Store,2,50,100,Completed,No
858,09-09-23,CUST858,Male,23,Electronics,Mobile Payment,Dallas,Supermarket,2,50,100,Completed,No
919,09-09-23,CUST919,Female,22,Beauty,Cash,New York,Warehouse Club,2,25,50,Completed,No
935,09-09-23,CUST935,Female,34,Beauty,Mobile Payment,San Francisco,Warehouse Club,1,50,50,Completed,No
132,10-09-23,CUST132,Male,42,Electronics,Mobile Payment,Boston,Department Store,4,50,200,Completed,No
604,11-09-23,CUST604,Female,29,Electronics,Cash,Atlanta,Convenience Store,4,50,200,Completed,No
832,11-09-23,CUST832,Male,47,Beauty,Credit Card,Dallas,Specialty Store,4,500,2000,Completed,Yes
113,13-09-23,CUST113,Female,41,Electronics,Cash,Atlanta,Pharmacy,2,25,50,Completed,No
165,14-09-23,CUST165,Female,60,Clothing,Cash,Los Angeles,Department Store,4,300,1200,Pending,Yes
326,15-09-23,CUST326,Female,18,Clothing,Debit Card,Miami,Warehouse Club,3,25,75,Pending,No
632,16-09-23,CUST632,Female,26,Electronics,Mobile Payment,Dallas,Pharmacy,4,25,100,Completed,No
19,16-09-23,CUST019,Female,62,Clothing,Mobile Payment,New York,Warehouse Club,2,25,50,Pending,No
412,16-09-23,CUST412,Female,19,Electronics,Mobile Payment,New York,Specialty Store,4,500,2000,Completed,Yes
167,17-09-23,CUST167,Female,43,Clothing,Cash,Dallas,Department Store,3,50,150,Pending,No
172,17-09-23,CUST172,Male,32,Beauty,Mobile Payment,Los Angeles,Warehouse Club,2,25,50,Completed,No
375,17-09-23,CUST375,Male,32,Clothing,Credit Card,Miami,Pharmacy,1,50,50,Pending,No
794,17-09-23,CUST794,Female,60,Beauty,Mobile Payment,Miami,Specialty Store,1,300,300,Completed,No
538,17-09-23,CUST538,Male,18,Clothing,Mobile Payment,New York,Warehouse Club,3,50,150,Pending,No
330,18-09-23,CUST330,Female,25,Beauty,Debit Card,Atlanta,Pharmacy,4,50,200,Completed,No
494,18-09-23,CUST494,Female,42,Beauty,Credit Card,Los Angeles,Supermarket,4,50,200,Completed,No
131,18-09-23,CUST131,Female,21,Beauty,Credit Card,Miami,Supermarket,2,300,600,Completed,Yes
513,19-09-23,CUST513,Male,24,Electronics,Mobile Payment,Atlanta,Convenience Store,4,25,100,Completed,No
573,19-09-23,CUST573,Male,49,Beauty,Credit Card,Chicago,Warehouse Club,2,30,60,Completed,No
579,21-09-23,CUST579,Female,38,Electronics,Mobile Payment,Chicago,Supermarket,1,30,30,Completed,No
241,21-09-23,CUST241,Female,23,Electronics,Cash,Dallas,Department Store,3,25,75,Completed,No
218,22-09-23,CUST218,Male,64,Beauty,Cash,Boston,Department Store,3,30,90,Completed,No
846,22-09-23,CUST846,Male,42,Beauty,Credit Card,New York,Pharmacy,1,50,50,Completed,No
616,23-09-23,CUST616,Male,41,Clothing,Credit Card,San Francisco,Warehouse Club,2,50,100,Pending,No
643,24-09-23,CUST643,Female,28,Electronics,Credit Card,Houston,Warehouse Club,3,30,90,Completed,No
523,24-09-23,CUST523,Female,62,Electronics,Credit Card,Seattle,Supermarket,1,300,300,Completed,No
809,25-09-23,CUST809,Female,62,Beauty,Cash,Houston,Convenience Store,2,50,100,Completed,No
351,25-09-23,CUST351,Female,56,Clothing,Credit Card,Miami,Department Store,3,30,90,Pending,No
954,25-09-23,CUST954,Female,50,Electronics,Mobile Payment,San Francisco,Convenience Store,3,300,900,Completed,Yes
897,26-09-23,CUST897,Female,64,Electronics,Cash,New York,Department Store,2,50,100,Completed,No
147,28-09-23,CUST147,Male,23,Electronics,Debit Card,Miami,Pharmacy,1,300,300,Completed,No
390,28-09-23,CUST390,Male,39,Electronics,Debit Card,Miami,Specialty Store,2,50,100,Completed,No
204,28-09-23,CUST204,Male,39,Beauty,Credit Card,Seattle,Warehouse Club,1,25,25,Completed,No
179,29-09-23,CUST179,Male,31,Electronics,Debit Card,Chicago,Specialty Store,1,300,300,Completed,No
327,29-09-23,CUST327,Male,57,Electronics,Mobile Payment,Chicago,Pharmacy,3,50,150,Completed,No
626,29-09-23,CUST626,Female,26,Clothing,Mobile Payment,Chicago,Specialty Store,4,500,2000,Pending,Yes
873,29-09-23,CUST873,Female,27,Electronics,Debit Card,San Francisco,Pharmacy,4,25,100,Completed,No
196,30-09-23,CUST196,Female,32,Clothing,Mobile Payment,Miami,Supermarket,3,300,900,Pending,Yes
789,30-09-23,CUST789,Female,61,Clothing,Cash,Seattle,Warehouse Club,4,500,2000,Pending,Yes
909,01-10-23,CUST909,Male,26,Electronics,Cash,Chicago,Warehouse Club,1,300,300,Completed,No
707,01-10-23,CUST707,Female,26,Clothing,Mobile Payment,Miami,Convenience Store,1,500,500,Pending,No
89,01-10-23,CUST089,Female,55,Electronics,Cash,Seattle,Department Store,4,500,2000,Completed,Yes
276,02-10-23,CUST276,Female,21,Beauty,Cash,Dallas,Pharmacy,6,25,150,Completed,No
889,02-10-23,CUST889,Female,35,Electronics,Debit Card,Houston,Pharmacy,1,50,50,Completed,No
154,02-10-23,CUST154,Male,51,Electronics,Cash,New York,Pharmacy,3,300,900,Completed,Yes
51,02-10-23,CUST051,Male,27,Beauty,Mobile Payment,San Francisco,Supermarket,3,25,75,Completed,No
497,02-10-23,CUST497,Male,41,Clothing,Debit Card,San Francisco,Convenience Store,4,30,120,Pending,No
373,03-10-23,CUST373,Female,25,Beauty,Cash,Boston,Pharmacy,2,300,600,Completed,Yes
524,03-10-23,CUST524,Male,46,Beauty,Credit Card,Boston,Warehouse Club,4,300,1200,Completed,Yes
813,03-10-23,CUST813,Male,52,Electronics,Debit Card,Boston,Warehouse Club,3,50,150,Completed,No
122,03-10-23,CUST122,Male,64,Electronics,Debit Card,Los Angeles,Convenience Store,4,30,120,Completed,No
688,03-10-23,CUST688,Male,56,Clothing,Cash,San Francisco,Pharmacy,4,25,100,Pending,No
178,04-10-23,CUST178,Male,40,Clothing,Credit Card,Chicago,Pharmacy,2,30,60,Pending,No
208,04-10-23,CUST208,Female,34,Electronics,Mobile Payment,Chicago,Supermarket,4,50,200,Completed,No
656,04-10-23,CUST656,Male,29,Beauty,Mobile Payment,Chicago,Supermarket,3,30,90,Completed,No
247,04-10-23,CUST247,Male,41,Electronics,Mobile Payment,Miami,Department Store,2,30,60,Completed,No
290,04-10-23,CUST290,Female,30,Beauty,Debit Card,Miami,Specialty Store,2,300,600,Completed,Yes
735,04-10-23,CUST735,Female,64,Clothing,Mobile Payment,Seattle,Supermarket,4,500,2000,Pending,Yes
319,05-10-23,CUST319,Male,31,Clothing,Mobile Payment,Houston,Supermarket,1,500,500,Pending,No
670,05-10-23,CUST670,Male,27,Beauty,Debit Card,Los Angeles,Department Store,1,30,30,Completed,No
385,06-10-23,CUST385,Male,50,Electronics,Credit Card,Houston,Convenience Store,3,500,1500,Completed,Yes
10,07-10-23,CUST010,Female,52,Clothing,Mobile Payment,Boston,Convenience Store,10,50,500,Pending,No
689,07-10-23,CUST689,Male,57,Electronics,Cash,Boston,Warehouse Club,2,50,100,Completed,No
437,07-10-23,CUST437,Female,35,Electronics,Debit Card,Miami,Department Store,4,300,1200,Completed,Yes
26,07-10-23,CUST026,Female,28,Electronics,Credit Card,New York,Convenience Store,2,500,1000,Completed,Yes
634,08-10-23,CUST634,Male,60,Electronics,Cash,Houston,Convenience Store,4,500,2000,Completed,Yes
558,08-10-23,CUST558,Female,41,Clothing,Cash,San Francisco,Pharmacy,1,25,25,Pending,No
876,09-10-23,CUST876,Male,43,Clothing,Debit Card,Atlanta,Convenience Store,4,30,120,Pending,No
201,09-10-23,CUST201,Male,56,Electronics,Debit Card,Boston,Department Store,1,25,25,Completed,No
286,09-10-23,CUST286,Male,55,Electronics,Debit Card,Miami,Supermarket,2,25,50,Completed,No
428,10-10-23,CUST428,Female,40,Electronics,Debit Card,Boston,Specialty Store,4,50,200,Completed,No
55,10-10-23,CUST055,Male,31,Beauty,Debit Card,Los Angeles,Specialty Store,4,30,120,Completed,No
441,10-10-23,CUST441,Male,57,Beauty,Debit Card,San Francisco,Convenience Store,4,300,1200,Completed,Yes
976,10-10-23,CUST976,Female,48,Beauty,Debit Card,Seattle,Pharmacy,2,300,600,Completed,Yes
546,11-10-23,CUST546,Female,36,Electronics,Credit Card,Atlanta,Supermarket,4,50,200,Completed,No
149,11-10-23,CUST149,Male,22,Clothing,Debit Card,Chicago,Department Store,3,25,75,Pending,No
401,11-10-23,CUST401,Female,62,Clothing,Credit Card,Houston,Supermarket,1,300,300,Pending,No
872,11-10-23,CUST872,Female,63,Beauty,Debit Card,Miami,Warehouse Club,9,25,225,Completed,No
914,11-10-23,CUST914,Female,59,Electronics,Cash,Miami,Specialty Store,1,500,500,Completed,No
393,11-10-23,CUST393,Female,22,Beauty,Mobile Payment,San Francisco,Department Store,2,500,1000,Completed,Yes
227,11-10-23,CUST227,Male,36,Electronics,Debit Card,Seattle,Warehouse Club,2,50,100,Completed,No
310,12-10-23,CUST310,Female,28,Beauty,Mobile Payment,Chicago,Warehouse Club,1,25,25,Completed,No
852,12-10-23,CUST852,Female,41,Clothing,Debit Card,Miami,Pharmacy,1,300,300,Pending,No
844,12-10-23,CUST844,Male,35,Clothing,Credit Card,Seattle,Supermarket,3,50,150,Pending,No
948,13-10-23,CUST948,Female,23,Electronics,Cash,Los Angeles,Supermarket,3,25,75,Completed,No
619,13-10-23,CUST619,Male,47,Electronics,Mobile Payment,New York,Pharmacy,4,25,100,Completed,No
97,13-10-23,CUST097,Female,51,Beauty,Cash,Seattle,Pharmacy,2,500,1000,Completed,Yes
456,14-10-23,CUST456,Male,57,Electronics,Debit Card,Boston,Warehouse Club,2,30,60,Completed,No
627,14-10-23,CUST627,Male,57,Clothing,Cash,Los Angeles,Pharmacy,1,50,50,Pending,No
431,15-10-23,CUST431,Male,63,Electronics,Debit Card,Chicago,Department Store,4,300,1200,Completed,Yes
22,15-10-23,CUST022,Male,18,Clothing,Credit Card,Miami,Department Store,2,50,100,Pending,No
121,15-10-23,CUST121,Female,28,Electronics,Mobile Payment,New York,Department Store,4,50,200,Completed,No
943,16-10-23,CUST943,Female,57,Clothing,Debit Card,Atlanta,Warehouse Club,4,300,1200,Pending,Yes
711,16-10-23,CUST711,Male,26,Electronics,Debit Card,Houston,Department Store,3,500,1500,Completed,Yes
754,16-10-23,CUST754,Female,43,Electronics,Debit Card,Los Angeles,Department Store,4,25,100,Completed,No
370,16-10-23,CUST370,Male,23,Electronics,Debit Card,Miami,Warehouse Club,2,30,60,Completed,No
350,17-10-23,CUST350,Male,25,Beauty,Cash,Boston,Specialty Store,3,25,75,Completed,No
786,17-10-23,CUST786,Male,48,Clothing,Credit Card,Boston,Supermarket,4,25,100,Pending,No
191,18-10-23,CUST191,Male,64,Beauty,Mobile Payment,Chicago,Specialty Store,1,25,25,Completed,No
109,18-10-23,CUST109,Female,34,Electronics,Credit Card,Seattle,Supermarket,4,500,2000,Completed,Yes
340,19-10-23,CUST340,Female,36,Clothing,Credit Card,Chicago,Convenience Store,4,300,1200,Pending,Yes
555,19-10-23,CUST555,Male,25,Beauty,Credit Card,Chicago,Department Store,1,300,300,Completed,No
826,19-10-23,CUST826,Female,46,Clothing,Cash,Chicago,Department Store,1,300,300,Pending,No
962,19-10-23,CUST962,Male,44,Clothing,Credit Card,Houston,Convenience Store,2,30,60,Pending,No
249,20-10-23,CUST249,Male,20,Clothing,Cash,Miami,Pharmacy,1,50,50,Pending,No
922,21-10-23,CUST922,Male,41,Electronics,Mobile Payment,Chicago,Supermarket,1,50,50,Completed,No
600,22-10-23,CUST600,Female,59,Beauty,Credit Card,Boston,Department Store,2,500,1000,Completed,Yes
770,22-10-23,CUST770,Male,32,Clothing,Debit Card,Los Angeles,Supermarket,1,50,50,Pending,No
680,22-10-23,CUST680,Female,53,Clothing,Credit Card,New York,Department Store,3,300,900,Pending,Yes
60,23-10-23,CUST060,Male,30,Beauty,Debit Card,Atlanta,Specialty Store,3,50,150,Completed,No
250,23-10-23,CUST250,Male,48,Electronics,Cash,Atlanta,Specialty Store,1,50,50,Completed,No
516,23-10-23,CUST516,Male,30,Beauty,Mobile Payment,Seattle,Specialty Store,4,25,100,Completed,No
937,23-10-23,CUST937,Female,62,Beauty,Cash,Seattle,Specialty Store,1,500,500,Completed,No
564,24-10-23,CUST564,Male,50,Electronics,Credit Card,Boston,Convenience Store,2,50,100,Completed,No
318,24-10-23,CUST318,Male,61,Clothing,Credit Card,Chicago,Specialty Store,1,25,25,Pending,No
767,24-10-23,CUST767,Male,39,Beauty,Mobile Payment,Los Angeles,Supermarket,3,25,75,Completed,No
342,24-10-23,CUST342,Female,43,Clothing,Credit Card,Miami,Department Store,4,500,2000,Pending,Yes
869,25-10-23,CUST869,Male,37,Beauty,Credit Card,Los Angeles,Specialty Store,9,500,4500,Completed,Yes
503,25-10-23,CUST503,Male,45,Beauty,Mobile Payment,San Francisco,Department Store,4,500,2000,Completed,Yes
440,26-10-23,CUST440,Male,64,Clothing,Mobile Payment,Atlanta,Convenience Store,2,300,600,Pending,Yes
126,26-10-23,CUST126,Female,28,Clothing,Cash,Chicago,Convenience Store,3,30,90,Pending,No
349,26-10-23,CUST349,Female,57,Beauty,Debit Card,Miami,Department Store,1,50,50,Completed,No
677,27-10-23,CUST677,Female,19,Beauty,Credit Card,Atlanta,Specialty Store,3,500,1500,Completed,Yes
124,27-10-23,CUST124,Male,33,Clothing,Credit Card,Miami,Department Store,4,500,2000,Pending,Yes
324,27-10-23,CUST324,Female,52,Electronics,Debit Card,Seattle,Convenience Store,3,50,150,Completed,No
229,29-10-23,CUST229,Male,58,Beauty,Cash,Atlanta,Convenience Store,3,30,90,Completed,No
896,29-10-23,CUST896,Female,30,Electronics,Debit Card,Atlanta,Convenience Store,2,25,50,Completed,No
959,29-10-23,CUST959,Female,42,Electronics,Debit Card,Chicago,Convenience Store,2,30,60,Completed,No
30,29-10-23,CUST030,Female,39,Beauty,Mobile Payment,Houston,Convenience Store,3,300,900,Completed,Yes
998,29-10-23,CUST998,Female,23,Beauty,Mobile Payment,Los Angeles,Convenience Store,4,25,100,Completed,No
226,29-10-23,CUST226,Female,61,Clothing,Credit Card,San Francisco,Convenience Store,1,50,50,Pending,No
12,30-10-23,CUST012,Male,35,Beauty,Mobile Payment,New York,Specialty Store,3,25,75,Completed,No
817,31-10-23,CUST817,Male,30,Beauty,Debit Card,Atlanta,Specialty Store,4,50,200,Completed,No
776,31-10-23,CUST776,Male,35,Clothing,Cash,Boston,Supermarket,3,30,90,Pending,No
710,31-10-23,CUST710,Female,26,Electronics,Mobile Payment,Houston,Specialty Store,3,500,1500,Completed,Yes
628,01-11-23,CUST628,Female,19,Beauty,Credit Card,Atlanta,Department Store,4,50,200,Completed,No
334,01-11-23,CUST334,Male,31,Electronics,Debit Card,Houston,Specialty Store,3,300,900,Completed,Yes
343,01-11-23,CUST343,Male,21,Electronics,Mobile Payment,Houston,Convenience Store,2,25,50,Completed,No
983,01-11-23,CUST983,Female,29,Clothing,Credit Card,San Francisco,Pharmacy,1,300,300,Pending,No
898,02-11-23,CUST898,Female,42,Clothing,Debit Card,Atlanta,Supermarket,9,30,270,Pending,No
951,02-11-23,CUST951,Male,33,Beauty,Mobile Payment,Houston,Supermarket,2,50,100,Completed,No
841,02-11-23,CUST841,Male,31,Electronics,Cash,Los Angeles,Pharmacy,4,25,100,Completed,No
507,02-11-23,CUST507,Female,37,Electronics,Mobile Payment,New York,Supermarket,3,500,1500,Completed,Yes
141,02-11-23,CUST141,Female,22,Electronics,Mobile Payment,San Francisco,Pharmacy,1,50,50,Completed,No
145,02-11-23,CUST145,Female,39,Clothing,Cash,San Francisco,Pharmacy,3,25,75,Pending,No
181,03-11-23,CUST181,Male,19,Electronics,Mobile Payment,Los Angeles,Supermarket,4,300,1200,Completed,Yes
784,04-11-23,CUST784,Female,34,Electronics,Debit Card,Chicago,Supermarket,1,500,500,Completed,No
20,05-11-23,CUST020,Male,22,Clothing,Debit Card,Chicago,Department Store,3,300,900,Pending,Yes
690,05-11-23,CUST690,Female,52,Clothing,Mobile Payment,Dallas,Specialty Store,3,300,900,Pending,Yes
47,06-11-23,CUST047,Female,40,Beauty,Cash,Dallas,Convenience Store,3,500,1500,Completed,Yes
405,06-11-23,CUST405,Female,25,Clothing,Mobile Payment,Los Angeles,Supermarket,4,300,1200,Pending,Yes
761,07-11-23,CUST761,Female,33,Clothing,Mobile Payment,Atlanta,Warehouse Club,1,500,500,Pending,No
565,07-11-23,CUST565,Female,45,Beauty,Mobile Payment,Dallas,Convenience Store,2,30,60,Completed,No
950,07-11-23,CUST950,Male,36,Clothing,Credit Card,Dallas,Supermarket,3,300,900,Pending,Yes
512,07-11-23,CUST512,Female,57,Beauty,Cash,Houston,Warehouse Club,1,25,25,Completed,No
762,07-11-23,CUST762,Female,24,Electronics,Debit Card,Los Angeles,Supermarket,2,25,50,Completed,No
205,07-11-23,CUST205,Female,43,Clothing,Cash,Miami,Warehouse Club,1,25,25,Pending,No
86,08-11-23,CUST086,Male,19,Beauty,Credit Card,Dallas,Supermarket,3,30,90,Completed,No
173,08-11-23,CUST173,Male,64,Electronics,Credit Card,Seattle,Pharmacy,4,30,120,Completed,No
965,09-11-23,CUST965,Male,22,Clothing,Credit Card,Los Angeles,Specialty Store,4,50,200,Pending,No
827,09-11-23,CUST827,Male,61,Beauty,Cash,New York,Pharmacy,3,300,900,Completed,Yes
595,09-11-23,CUST595,Female,18,Clothing,Cash,San Francisco,Department Store,4,500,2000,Pending,Yes
388,10-11-23,CUST388,Male,50,Electronics,Debit Card,Chicago,Pharmacy,1,25,25,Completed,No
631,10-11-23,CUST631,Male,56,Electronics,Cash,San Francisco,Convenience Store,3,30,90,Completed,No
812,12-11-23,CUST812,Male,19,Electronics,Debit Card,San Francisco,Department Store,3,25,75,Completed,No
554,12-11-23,CUST554,Female,46,Beauty,Credit Card,Seattle,Convenience Store,3,50,150,Completed,No
58,13-11-23,CUST058,Male,18,Clothing,Cash,Los Angeles,Pharmacy,4,300,1200,Pending,Yes
952,13-11-23,CUST952,Female,57,Clothing,Credit Card,San Francisco,Department Store,1,25,25,Pending,No
458,14-11-23,CUST458,Female,39,Electronics,Credit Card,Los Angeles,Department Store,4,25,100,Completed,No
345,14-11-23,CUST345,Male,62,Electronics,Credit Card,San Francisco,Pharmacy,1,30,30,Completed,No
963,14-11-23,CUST963,Female,55,Beauty,Mobile Payment,San Francisco,Convenience Store,1,50,50,Completed,No
582,14-11-23,CUST582,Male,35,Clothing,Debit Card,Seattle,Pharmacy,3,300,900,Pending,Yes
706,15-11-23,CUST706,Male,51,Electronics,Credit Card,Dallas,Convenience Store,4,25,100,Completed,No
369,15-11-23,CUST369,Male,23,Electronics,Credit Card,New York,Department Store,3,500,1500,Completed,Yes
747,15-11-23,CUST747,Male,23,Beauty,Mobile Payment,San Francisco,Specialty Store,1,30,30,Completed,No
533,16-11-23,CUST533,Male,19,Electronics,Credit Card,San Francisco,Pharmacy,3,500,1500,Completed,Yes
968,17-11-23,CUST968,Female,48,Clothing,Credit Card,Atlanta,Supermarket,3,300,900,Pending,Yes
645,17-11-23,CUST645,Female,35,Electronics,Cash,Dallas,Convenience Store,4,30,120,Completed,No
997,17-11-23,CUST997,Male,52,Beauty,Credit Card,Dallas,Pharmacy,3,30,90,Completed,No
169,17-11-23,CUST169,Male,18,Beauty,Credit Card,Seattle,Convenience Store,3,500,1500,Completed,Yes
137,18-11-23,CUST137,Male,46,Beauty,Credit Card,Chicago,Department Store,2,500,1000,Completed,Yes
57,18-11-23,CUST057,Female,63,Beauty,Cash,Dallas,Warehouse Club,1,30,30,Completed,No
778,18-11-23,CUST778,Female,47,Beauty,Mobile Payment,Houston,Specialty Store,4,25,100,Completed,No
599,19-11-23,CUST599,Female,28,Beauty,Cash,Miami,Department Store,2,50,100,Completed,No
938,19-11-23,CUST938,Male,49,Clothing,Debit Card,Miami,Warehouse Club,4,50,200,Pending,No
234,20-11-23,CUST234,Female,62,Electronics,Cash,Seattle,Convenience Store,2,25,50,Completed,No
581,21-11-23,CUST581,Female,48,Beauty,Credit Card,Boston,Department Store,2,30,60,Completed,No
410,21-11-23,CUST410,Female,29,Clothing,Debit Card,Dallas,Convenience Store,2,50,100,Pending,No
417,21-11-23,CUST417,Male,43,Electronics,Cash,Houston,Department Store,3,300,900,Completed,Yes
74,22-11-23,CUST074,Female,18,Beauty,Credit Card,Miami,Supermarket,8,500,4000,Completed,Yes
803,22-11-23,CUST803,Male,39,Clothing,Debit Card,San Francisco,Supermarket,4,25,100,Pending,No
87,22-11-23,CUST087,Female,28,Beauty,Cash,Seattle,Specialty Store,2,50,100,Completed,No
918,23-11-23,CUST918,Female,42,Electronics,Debit Card,Chicago,Specialty Store,3,30,90,Completed,No
424,23-11-23,CUST424,Male,57,Beauty,Debit Card,Dallas,Convenience Store,4,300,1200,Completed,Yes
641,23-11-23,CUST641,Female,40,Electronics,Debit Card,San Francisco,Supermarket,1,300,300,Completed,No
95,24-11-23,CUST095,Female,32,Clothing,Credit Card,Chicago,Pharmacy,2,30,60,Pending,No
171,24-11-23,CUST171,Female,52,Clothing,Mobile Payment,Dallas,Department Store,3,300,900,Pending,Yes
1,24-11-23,CUST001,Male,34,Beauty,Mobile Payment,Los Angeles,Warehouse Club,3,50,150,Completed,No
156,25-11-23,CUST156,Female,43,Clothing,Mobile Payment,Los Angeles,Supermarket,4,25,100,Pending,No
493,25-11-23,CUST493,Male,41,Beauty,Cash,Miami,Department Store,2,25,50,Completed,No
115,26-11-23,CUST115,Male,51,Clothing,Debit Card,Los Angeles,Supermarket,3,500,1500,Pending,Yes
715,26-11-23,CUST715,Female,42,Beauty,Debit Card,San Francisco,Warehouse Club,4,25,100,Completed,No
267,27-11-23,CUST267,Female,32,Beauty,Mobile Payment,Houston,Department Store,3,30,90,Completed,No
362,27-11-23,CUST362,Male,50,Clothing,Mobile Payment,San Francisco,Specialty Store,1,25,25,Pending,No
856,27-11-23,CUST856,Male,54,Electronics,Debit Card,San Francisco,Warehouse Club,4,30,120,Completed,No
795,28-11-23,CUST795,Male,57,Electronics,Debit Card,Boston,Department Store,1,300,300,Completed,No
84,28-11-23,CUST084,Female,38,Electronics,Debit Card,Seattle,Pharmacy,3,30,90,Completed,No
739,29-11-23,CUST739,Male,36,Beauty,Mobile Payment,Los Angeles,Convenience Store,1,25,25,Completed,No
24,29-11-23,CUST024,Female,49,Clothing,Cash,San Francisco,Department Store,1,300,300,Pending,No
215,29-11-23,CUST215,Male,58,Clothing,Mobile Payment,Seattle,Warehouse Club,3,500,1500,Pending,Yes
741,30-11-23,CUST741,Male,48,Clothing,Mobile Payment,Miami,Convenience Store,1,300,300,Pending,No
289,30-11-23,CUST289,Male,53,Electronics,Credit Card,New York,Convenience Store,2,30,60,Completed,No
810,30-11-23,CUST810,Male,59,Electronics,Cash,New York,Pharmacy,4,25,100,Completed,No
389,01-12-23,CUST389,Male,21,Clothing,Cash,Houston,Convenience Store,2,25,50,Pending,No
266,01-12-23,CUST266,Female,19,Electronics,Credit Card,Seattle,Department Store,2,30,60,Completed,No
566,02-12-23,CUST566,Female,64,Clothing,Cash,Houston,Convenience Store,1,30,30,Pending,No
112,02-12-23,CUST112,Male,37,Clothing,Cash,Miami,Specialty Store,3,500,1500,Pending,Yes
608,02-12-23,CUST608,Female,55,Electronics,Mobile Payment,New York,Supermarket,3,500,1500,Completed,Yes
348,03-12-23,CUST348,Female,35,Electronics,Mobile Payment,Atlanta,Department Store,2,300,600,Completed,Yes
485,04-12-23,CUST485,Male,24,Electronics,Mobile Payment,Atlanta,Department Store,1,30,30,Completed,No
199,04-12-23,CUST199,Male,45,Beauty,Debit Card,Chicago,Supermarket,3,500,1500,Completed,Yes
258,04-12-23,CUST258,Female,37,Clothing,Mobile Payment,Dallas,Warehouse Club,1,50,50,Pending,No
576,04-12-23,CUST576,Female,33,Beauty,Mobile Payment,Los Angeles,Supermarket,3,50,150,Completed,No
791,05-12-23,CUST791,Female,51,Beauty,Credit Card,Atlanta,Pharmacy,1,25,25,Completed,No
999,05-12-23,CUST999,Female,36,Electronics,Debit Card,Boston,Warehouse Club,3,50,150,Completed,No
311,05-12-23,CUST311,Female,32,Beauty,Credit Card,Dallas,Department Store,4,25,100,Completed,No
971,05-12-23,CUST971,Female,27,Electronics,Mobile Payment,Los Angeles,Pharmacy,4,50,200,Completed,No
65,05-12-23,CUST065,Male,51,Electronics,Cash,San Francisco,Department Store,4,500,2000,Completed,Yes
395,06-12-23,CUST395,Male,50,Electronics,Cash,Boston,Supermarket,2,500,1000,Completed,Yes
535,06-12-23,CUST535,Male,47,Beauty,Mobile Payment,Boston,Pharmacy,3,30,90,Completed,No
712,06-12-23,CUST712,Female,57,Beauty,Debit Card,Dallas,Department Store,2,25,50,Completed,No
580,06-12-23,CUST580,Female,31,Clothing,Credit Card,San Francisco,Supermarket,3,500,1500,Pending,Yes
868,06-12-23,CUST868,Female,25,Electronics,Debit Card,San Francisco,Specialty Store,1,300,300,Completed,No
531,07-12-23,CUST531,Male,31,Electronics,Debit Card,Dallas,Convenience Store,1,500,500,Completed,No
550,07-12-23,CUST550,Male,40,Clothing,Debit Card,San Francisco,Pharmacy,3,300,900,Pending,Yes
453,08-12-23,CUST453,Female,26,Clothing,Credit Card,Atlanta,Pharmacy,2,500,1000,Pending,Yes
540,08-12-23,CUST540,Female,46,Electronics,Cash,Miami,Convenience Store,3,300,900,Completed,Yes
392,08-12-23,CUST392,Male,27,Clothing,Debit Card,San Francisco,Department Store,2,300,600,Pending,Yes
625,08-12-23,CUST625,Male,31,Clothing,Debit Card,San Francisco,Warehouse Club,1,300,300,Pending,No
355,09-12-23,CUST355,Female,55,Electronics,Credit Card,Boston,Department Store,1,500,500,Completed,No
752,09-12-23,CUST752,Male,29,Clothing,Cash,Chicago,Supermarket,2,50,100,Pending,No
828,09-12-23,CUST828,Female,33,Electronics,Credit Card,Chicago,Pharmacy,4,300,1200,Completed,Yes
244,09-12-23,CUST244,Male,28,Beauty,Mobile Payment,Dallas,Department Store,2,50,100,Completed,No
700,09-12-23,CUST700,Male,36,Electronics,Cash,Houston,Specialty Store,4,500,2000,Completed,Yes
468,09-12-23,CUST468,Male,40,Electronics,Cash,Los Angeles,Pharmacy,1,25,25,Completed,No
526,10-12-23,CUST526,Male,33,Clothing,Cash,Boston,Specialty Store,2,50,100,Pending,No
361,10-12-23,CUST361,Female,34,Electronics,Cash,Chicago,Department Store,4,300,1200,Completed,Yes
80,10-12-23,CUST080,Female,64,Clothing,Cash,Los Angeles,Department Store,2,30,60,Pending,No
214,10-12-23,CUST214,Male,20,Beauty,Credit Card,Miami,Convenience Store,2,30,60,Completed,No
586,11-12-23,CUST586,Male,50,Electronics,Mobile Payment,Boston,Supermarket,1,50,50,Completed,No
265,11-12-23,CUST265,Male,55,Clothing,Mobile Payment,New York,Supermarket,3,300,900,Pending,Yes
336,12-12-23,CUST336,Female,52,Beauty,Debit Card,Boston,Pharmacy,3,50,150,Completed,No
571,12-12-23,CUST571,Female,41,Electronics,Mobile Payment,Seattle,Department Store,1,50,50,Completed,No
9,13-12-23,CUST009,Male,63,Electronics,Mobile Payment,Los Angeles,Warehouse Club,2,300,600,Completed,Yes
552,13-12-23,CUST552,Female,49,Electronics,Credit Card,Miami,Pharmacy,3,25,75,Completed,No
771,13-12-23,CUST771,Male,24,Electronics,Cash,New York,Pharmacy,2,25,50,Completed,No
701,14-12-23,CUST701,Female,52,Beauty,Cash,Chicago,Supermarket,2,30,60,Completed,No
496,14-12-23,CUST496,Male,23,Clothing,Cash,San Francisco,Specialty Store,2,300,600,Pending,Yes
139,15-12-23,CUST139,Male,36,Beauty,Mobile Payment,Dallas,Warehouse Club,4,500,2000,Completed,Yes
151,15-12-23,CUST151,Male,29,Clothing,Debit Card,Seattle,Specialty Store,1,50,50,Pending,No
451,16-12-23,CUST451,Female,45,Electronics,Cash,Dallas,Supermarket,1,30,30,Completed,No
153,16-12-23,CUST153,Male,63,Electronics,Credit Card,Los Angeles,Supermarket,2,500,1000,Completed,Yes
83,16-12-23,CUST083,Male,54,Electronics,Debit Card,New York,Specialty Store,2,50,100,Completed,No
99,17-12-23,CUST099,Female,50,Electronics,Mobile Payment,Miami,Specialty Store,4,300,1200,Completed,Yes
783,17-12-23,CUST783,Female,56,Clothing,Debit Card,Seattle,Warehouse Club,1,300,300,Pending,No
994,18-12-23,CUST994,Female,51,Beauty,Cash,Atlanta,Department Store,2,500,1000,Completed,Yes
409,18-12-23,CUST409,Female,21,Electronics,Debit Card,Chicago,Warehouse Club,3,300,900,Completed,Yes
939,18-12-23,CUST939,Female,46,Electronics,Cash,Houston,Convenience Store,1,300,300,Completed,No
525,18-12-23,CUST525,Female,47,Beauty,Mobile Payment,Los Angeles,Supermarket,2,25,50,Completed,No
96,19-12-23,CUST096,Female,44,Clothing,Mobile Payment,Chicago,Convenience Store,2,300,600,Pending,Yes
609,19-12-23,CUST609,Female,47,Clothing,Mobile Payment,Los Angeles,Pharmacy,2,50,100,Pending,No
982,19-12-23,CUST982,Female,46,Beauty,Mobile Payment,Los Angeles,Specialty Store,3,30,90,Completed,No
854,20-12-23,CUST854,Male,29,Clothing,Mobile Payment,Atlanta,Supermarket,1,50,50,Pending,No
435,20-12-23,CUST435,Female,30,Beauty,Cash,Boston,Pharmacy,3,300,900,Completed,Yes
209,20-12-23,CUST209,Female,30,Electronics,Cash,Chicago,Warehouse Club,4,50,200,Completed,No
890,20-12-23,CUST890,Male,34,Electronics,Credit Card,Dallas,Specialty Store,2,25,50,Completed,No
777,20-12-23,CUST777,Male,48,Electronics,Debit Card,New York,Department Store,3,50,150,Completed,No
865,21-12-23,CUST865,Female,42,Clothing,Debit Card,Los Angeles,Department Store,1,300,300,Pending,No
662,22-12-23,CUST662,Male,48,Beauty,Credit Card,Miami,Supermarket,2,500,1000,Completed,Yes
544,23-12-23,CUST544,Female,27,Electronics,Mobile Payment,Atlanta,Convenience Store,1,25,25,Completed,No
781,23-12-23,CUST781,Male,35,Beauty,Debit Card,Atlanta,Convenience Store,1,500,500,Completed,No
678,23-12-23,CUST678,Female,60,Electronics,Mobile Payment,Boston,Supermarket,3,300,900,Completed,Yes
602,23-12-23,CUST602,Female,20,Electronics,Debit Card,Dallas,Pharmacy,1,300,300,Completed,No
615,23-12-23,CUST615,Female,61,Clothing,Debit Card,Houston,Convenience Store,4,25,100,Pending,No
309,23-12-23,CUST309,Female,26,Beauty,Cash,Los Angeles,Supermarket,1,25,25,Completed,No
34,24-12-23,CUST034,Female,51,Clothing,Credit Card,Chicago,Specialty Store,3,50,150,Pending,No
916,24-12-23,CUST916,Female,32,Electronics,Cash,New York,Supermarket,1,50,50,Completed,No
757,25-12-23,CUST757,Female,43,Electronics,Cash,Seattle,Specialty Store,4,300,1200,Completed,Yes
25,26-12-23,CUST025,Female,64,Beauty,Debit Card,Dallas,Pharmacy,1,50,50,Completed,No
472,26-12-23,CUST472,Female,38,Beauty,Debit Card,Dallas,Specialty Store,3,300,900,Completed,Yes
842,26-12-23,CUST842,Female,47,Clothing,Credit Card,Houston,Warehouse Club,2,300,600,Pending,Yes
879,26-12-23,CUST879,Male,23,Clothing,Mobile Payment,Los Angeles,Warehouse Club,1,30,30,Pending,No
82,26-12-23,CUST082,Female,32,Beauty,Credit Card,New York,Warehouse Club,4,50,200,Completed,No
991,26-12-23,CUST991,Female,34,Clothing,Debit Card,San Francisco,Department Store,2,50,100,Pending,No
62,27-12-23,CUST062,Male,18,Beauty,Credit Card,Boston,Department Store,2,50,100,Completed,No
386,27-12-23,CUST386,Female,54,Electronics,Cash,Boston,Warehouse Club,2,300,600,Completed,Yes
989,28-12-23,CUST989,Female,44,Electronics,Debit Card,Chicago,Supermarket,1,25,25,Completed,No
664,28-12-23,CUST664,Female,44,Clothing,Mobile Payment,Dallas,Convenience Store,4,500,2000,Pending,Yes
429,28-12-23,CUST429,Male,64,Electronics,Cash,Los Angeles,Specialty Store,2,25,50,Completed,No
520,29-12-23,CUST520,Female,49,Electronics,Credit Card,Dallas,Warehouse Club,4,25,100,Completed,No
233,29-12-23,CUST233,Female,51,Beauty,Debit Card,San Francisco,Convenience Store,2,300,600,Completed,Yes
805,29-12-23,CUST805,Female,30,Beauty,Debit Card,Seattle,Specialty Store,3,500,1500,Completed,Yes
908,29-12-23,CUST908,Male,46,Beauty,Mobile Payment,Seattle,Department Store,4,300,1200,Completed,Yes
857,31-12-23,CUST857,Male,60,Electronics,Debit Card,Miami,Warehouse Club,2,25,50,Completed,No
650,01-01-24,CUST650,Male,55,Electronics,Credit Card,Chicago,Pharmacy,1,30,30,Completed,No
211,01-01-24,CUST211,Male,42,Beauty,Credit Card,Miami,Convenience Store,3,500,1500,Completed,Yes
